id_equipaje,dni_pasajero,id_vuelo,peso,estado
E00001,00000138I,V146,12,embarcado
E00002,00000121R,V127,24,embarcado
E00003,00000668S,V098,16,facturado
E00004,00000500G,V008,22,embarcado
E00005,00000623Z,V196,10,entregado
E00006,00000457P,V069,17,entregado
E00007,00000968G,V027,20,facturado
E00008,00000023X,V007,30,entregado
E00009,00000010K,V098,31,facturado
E00010,00000993F,V109,10,entregado
E00011,00000228U,V196,24,embarcado
E00012,00000567V,V060,21,facturado
E00013,00000694S,V057,24,embarcado
E00014,00000949N,V006,23,entregado
E00015,00000945J,V165,13,facturado
E00016,00000645V,V186,19,facturado
E00017,00000761H,V086,32,entregado
E00018,00000959X,V109,26,entregado
E00019,00000195N,V078,19,entregado
E00020,00000997J,V128,26,embarcado
E00021,00000604G,V009,25,facturado
E00022,00000762I,V104,23,entregado
E00023,00000178W,V094,27,entregado
E00024,00000795P,V173,21,facturado
E00025,00000450I,V170,26,facturado
E00026,00000798S,V042,26,embarcado
E00027,00000380Q,V126,10,embarcado
E00028,00000045T,V079,32,entregado
E00029,00000608K,V149,22,entregado
E00030,00000175T,V044,26,facturado
E00031,00000013N,V198,16,entregado
E00032,00000943H,V141,17,embarcado
E00033,00000527H,V089,28,embarcado
E00034,00000471D,V069,31,entregado
E00035,00000624A,V187,10,embarcado
E00036,00000803X,V190,26,facturado
E00037,00000532M,V200,27,facturado
E00038,00000437V,V015,25,embarcado
E00039,00000584M,V142,16,entregado
E00040,00000424I,V125,21,embarcado
E00041,00000355R,V001,27,entregado
E00042,00000639P,V157,20,embarcado
E00043,00000615R,V008,17,entregado
E00044,00000182A,V141,28,facturado
E00045,00000882Y,V024,27,embarcado
E00046,00000034I,V173,12,facturado
E00047,00000889F,V005,24,facturado
E00048,00000773T,V194,18,facturado
E00049,00000276Q,V029,29,facturado
E00050,00000353P,V075,12,facturado
E00051,00000164I,V066,26,facturado
E00052,00000673X,V070,30,entregado
E00053,00000302Q,V117,32,embarcado
E00054,00000509P,V122,13,facturado
E00055,00000320I,V099,20,embarcado
E00056,00000816K,V049,18,facturado
E00057,00000260A,V187,26,facturado
E00058,00000989B,V156,23,facturado
E00059,00000231X,V005,22,facturado
E00060,00000037L,V185,15,embarcado
E00061,00000722U,V130,31,embarcado
E00062,00000558M,V057,30,entregado
E00063,00000529J,V116,17,entregado
E00064,00000665P,V008,22,entregado
E00065,00000590S,V083,31,entregado
E00066,00000437V,V016,19,facturado
E00067,00000992E,V055,11,embarcado
E00068,00000073V,V020,19,embarcado
E00069,00000762I,V041,23,entregado
E00070,00000259Z,V034,10,entregado
E00071,00000900Q,V010,28,facturado
E00072,00000986Y,V146,24,facturado
E00073,00000848Q,V200,32,entregado
E00074,00000522C,V010,22,facturado
E00075,00000356S,V026,16,entregado
E00076,00000691P,V111,28,facturado
E00077,00000505L,V027,31,embarcado
E00078,00000304S,V130,25,facturado
E00079,00000334W,V157,22,embarcado
E00080,00000019T,V041,16,embarcado
E00081,00000831Z,V145,14,embarcado
E00082,00000440Y,V055,18,entregado
E00083,00000099V,V098,27,embarcado
E00084,00000937B,V176,27,embarcado
E00085,00000787H,V137,17,facturado
E00086,00000743P,V011,12,facturado
E00087,00000174S,V043,27,facturado
E00088,00000275P,V195,20,entregado
E00089,00000519Z,V066,21,embarcado
E00090,00000349L,V030,19,facturado
E00091,00000889F,V155,32,embarcado
E00092,00000139J,V149,27,facturado
E00093,00000329R,V011,23,facturado
E00094,00000390A,V038,14,embarcado
E00095,00000118O,V158,28,embarcado
E00096,00000079B,V147,27,facturado
E00097,00000580I,V021,18,embarcado
E00098,00000913D,V076,28,entregado
E00099,00000948M,V030,24,embarcado
E00100,00000111H,V012,19,facturado
E00101,00000629F,V172,10,facturado
E00102,00000424I,V030,11,facturado
E00103,00000246M,V151,23,facturado
E00104,00000119P,V116,15,entregado
E00105,00000248O,V041,13,embarcado
E00106,00000933X,V097,27,embarcado
E00107,00000564S,V065,32,embarcado
E00108,00000323L,V026,16,entregado
E00109,00000326O,V011,10,facturado
E00110,00000806A,V076,29,embarcado
E00111,00000461T,V101,20,embarcado
E00112,00000065N,V017,20,entregado
E00113,00000994G,V117,13,embarcado
E00114,00000221N,V159,27,entregado
E00115,00000481N,V170,21,embarcado
E00116,00000188G,V139,16,embarcado
E00117,00000204W,V064,21,facturado
E00118,00000840I,V072,12,embarcado
E00119,00000093P,V167,28,entregado
E00120,00000348K,V059,22,embarcado
E00121,00000043R,V084,15,embarcado
E00122,00000812G,V149,19,facturado
E00123,00000343F,V026,27,entregado
E00124,00000593V,V153,12,facturado
E00125,00000226S,V006,17,embarcado
E00126,00000075X,V069,27,facturado
E00127,00000747T,V020,10,entregado
E00128,00000011L,V075,21,embarcado
E00129,00000481N,V040,13,entregado
E00130,00000797R,V084,12,entregado
E00131,00000973L,V171,15,facturado
E00132,00000795P,V039,14,embarcado
E00133,00000313B,V028,32,entregado
E00134,00000855X,V155,19,facturado
E00135,00000916G,V053,14,entregado
E00136,00000933X,V185,11,embarcado
E00137,00000841J,V160,31,entregado
E00138,00000861D,V192,32,facturado
E00139,00000183B,V077,23,entregado
E00140,00000162G,V013,32,entregado
E00141,00000254U,V065,12,entregado
E00142,00000987Z,V115,23,entregado
E00143,00000257X,V139,24,entregado
E00144,00000465X,V003,22,embarcado
E00145,00000176U,V067,25,facturado
E00146,00000813H,V166,23,entregado
E00147,00000020U,V016,32,embarcado
E00148,00000594W,V036,28,facturado
E00149,00000142M,V067,18,embarcado
E00150,00000578G,V103,15,entregado
E00151,00000092O,V060,25,facturado
E00152,00000182A,V136,20,entregado
E00153,00000915F,V167,24,entregado
E00154,00000655F,V188,17,facturado
E00155,00000321J,V127,31,embarcado
E00156,00000980S,V058,32,embarcado
E00157,00000346I,V144,29,entregado
E00158,00000940E,V168,18,entregado
E00159,00000225R,V013,12,entregado
E00160,00000661L,V095,15,entregado
E00161,00000785F,V053,19,embarcado
E00162,00000710I,V077,27,embarcado
E00163,00000170O,V180,32,entregado
E00164,00000476I,V153,12,facturado
E00165,00000919J,V156,26,entregado
E00166,00000387X,V046,14,embarcado
E00167,00000437V,V056,28,entregado
E00168,00000776W,V014,25,entregado
E00169,00000404O,V184,30,embarcado
E00170,00000394E,V132,15,entregado
E00171,00000748U,V011,26,facturado
E00172,00000828W,V066,30,facturado
E00173,00000274O,V189,12,facturado
E00174,00000993F,V199,29,entregado
E00175,00000704C,V180,12,embarcado
E00176,00000872O,V062,22,embarcado
E00177,00000407R,V043,20,embarcado
E00178,00000130A,V160,25,facturado
E00179,00000123T,V111,29,entregado
E00180,00000419D,V031,31,embarcado
E00181,00000285Z,V064,22,entregado
E00182,00000573B,V002,16,entregado
E00183,00000450I,V149,10,facturado
E00184,00000643T,V156,17,embarcado
E00185,00000212E,V045,19,facturado
E00186,00000556K,V052,18,embarcado
E00187,00000600C,V194,18,entregado
E00188,00000458Q,V044,27,embarcado
E00189,00000503J,V108,13,facturado
E00190,00000585N,V099,16,embarcado
E00191,00000831Z,V028,10,facturado
E00192,00000583L,V192,10,entregado
E00193,00000304S,V173,30,facturado
E00194,00000077Z,V129,21,entregado
E00195,00000825T,V080,23,entregado
E00196,00000694S,V092,26,embarcado
E00197,00000001B,V032,24,entregado
E00198,00000461T,V090,19,entregado
E00199,00000409T,V087,31,entregado
E00200,00000505L,V029,30,embarcado
E00201,00000392C,V053,27,facturado
E00202,00000285Z,V163,29,entregado
E00203,00000903T,V190,26,facturado
E00204,00000946K,V119,29,entregado
E00205,00000419D,V191,32,embarcado
E00206,00000720S,V044,24,entregado
E00207,00000685J,V136,16,embarcado
E00208,00000539T,V001,31,embarcado
E00209,00000594W,V110,22,embarcado
E00210,00000882Y,V160,28,entregado
E00211,00000717P,V192,12,embarcado
E00212,00000764K,V064,30,entregado
E00213,00000298M,V162,10,embarcado
E00214,00000739L,V162,14,entregado
E00215,00000798S,V102,18,facturado
E00216,00000786G,V019,29,facturado
E00217,00000358U,V068,32,embarcado
E00218,00000895L,V176,27,embarcado
E00219,00000156A,V119,18,embarcado
E00220,00000174S,V120,26,facturado
E00221,00000278S,V131,13,entregado
E00222,00000605H,V109,12,embarcado
E00223,00000069R,V169,24,facturado
E00224,00000169N,V130,32,facturado
E00225,00000708G,V024,22,entregado
E00226,00000706E,V071,29,embarcado
E00227,00000214G,V136,16,facturado
E00228,00000908Y,V086,18,facturado
E00229,00000077Z,V179,26,entregado
E00230,00000378O,V120,26,entregado
E00231,00000755B,V013,15,embarcado
E00232,00000669T,V189,32,entregado
E00233,00000277R,V092,29,entregado
E00234,00000238E,V101,27,embarcado
E00235,00000177V,V124,18,entregado
E00236,00000338A,V184,17,embarcado
E00237,00000987Z,V157,32,facturado
E00238,00000865H,V170,10,entregado
E00239,00000413X,V082,23,facturado
E00240,00000805Z,V069,16,facturado
E00241,00000641R,V188,15,entregado
E00242,00000455N,V149,14,entregado
E00243,00000969H,V068,24,entregado
E00244,00000167L,V036,14,entregado
E00245,00000452K,V093,19,embarcado
E00246,00000247N,V030,32,facturado
E00247,00000736I,V175,19,facturado
E00248,00000109F,V059,22,embarcado
E00249,00000505L,V026,15,facturado
E00250,00000057F,V153,10,facturado
E00251,00000700Y,V009,25,entregado
E00252,00000542W,V186,29,embarcado
E00253,00000351N,V170,18,facturado
E00254,00000628E,V178,15,facturado
E00255,00000228U,V103,17,embarcado
E00256,00000461T,V097,15,facturado
E00257,00000242I,V073,24,entregado
E00258,00000594W,V100,16,embarcado
E00259,00000733F,V067,20,embarcado
E00260,00000608K,V029,16,facturado
E00261,00000048W,V004,10,embarcado
E00262,00000328Q,V099,28,embarcado
E00263,00000941F,V051,22,facturado
E00264,00000902S,V195,30,facturado
E00265,00000813H,V008,10,embarcado
E00266,00000149T,V171,27,facturado
E00267,00000579H,V098,18,facturado
E00268,00000082E,V119,30,embarcado
E00269,00000928S,V004,11,entregado
E00270,00000063L,V135,14,facturado
E00271,00000956U,V071,13,embarcado
E00272,00000094Q,V049,10,embarcado
E00273,00000653D,V034,18,entregado
E00274,00000837F,V050,31,embarcado
E00275,00000400K,V085,30,embarcado
E00276,00000993F,V067,30,entregado
E00277,00000249P,V063,11,entregado
E00278,00000958W,V152,15,embarcado
E00279,00000439X,V155,32,entregado
E00280,00000654E,V134,11,embarcado
E00281,00000561P,V106,27,facturado
E00282,00000729B,V138,23,entregado
E00283,00000072U,V183,18,entregado
E00284,00000626C,V185,12,embarcado
E00285,00000182A,V025,14,facturado
E00286,00000941F,V053,23,facturado
E00287,00000055D,V164,12,entregado
E00288,00000481N,V129,21,facturado
E00289,00000321J,V011,14,entregado
E00290,00000034I,V114,31,facturado
E00291,00000917H,V102,32,embarcado
E00292,00000026A,V189,26,embarcado
E00293,00000093P,V065,20,facturado
E00294,00000310Y,V009,22,facturado
E00295,00000751X,V067,20,entregado
E00296,00000134E,V067,22,facturado
E00297,00000877T,V174,19,facturado
E00298,00000436U,V063,26,entregado
E00299,00000211D,V085,20,entregado
E00300,00000803X,V101,28,embarcado
E00301,00000108E,V034,30,embarcado
E00302,00000537R,V144,28,entregado
E00303,00000533N,V138,10,embarcado
E00304,00000762I,V041,16,embarcado
E00305,00000399J,V134,20,facturado
E00306,00000420E,V089,14,entregado
E00307,00000067P,V012,19,entregado
E00308,00000547B,V081,23,embarcado
E00309,00000327P,V091,18,embarcado
E00310,00000767N,V192,26,entregado
E00311,00000009J,V135,13,facturado
E00312,00000325N,V187,20,embarcado
E00313,00000587P,V018,24,embarcado
E00314,00000492Y,V117,21,entregado
E00315,00000994G,V098,12,entregado
E00316,00000821P,V015,14,facturado
E00317,00000537R,V126,28,embarcado
E00318,00000803X,V063,32,entregado
E00319,00000765L,V087,21,entregado
E00320,00000380Q,V104,19,embarcado
E00321,00000613P,V088,27,entregado
E00322,00000172Q,V008,14,embarcado
E00323,00000704C,V057,28,facturado
E00324,00000929T,V029,15,embarcado
E00325,00000962A,V187,29,facturado
E00326,00000832A,V026,27,entregado
E00327,00000273N,V183,13,facturado
E00328,00000268I,V018,30,entregado
E00329,00000540U,V165,12,facturado
E00330,00000814I,V056,30,facturado
E00331,00000524E,V111,10,entregado
E00332,00000377N,V125,32,embarcado
E00333,00000226S,V052,29,embarcado
E00334,00000887D,V061,23,embarcado
E00335,00000692Q,V094,27,facturado
E00336,00000818M,V124,12,embarcado
E00337,00000418C,V052,10,entregado
E00338,00000545Z,V198,22,entregado
E00339,00000898O,V125,12,embarcado
E00340,00000631H,V131,28,entregado
E00341,00000436U,V011,21,embarcado
E00342,00000007H,V049,19,entregado
E00343,00000708G,V165,10,entregado
E00344,00000123T,V078,26,entregado
E00345,00000324M,V199,27,entregado
E00346,00000586O,V142,19,entregado
E00347,00000422G,V139,26,embarcado
E00348,00000618U,V162,28,embarcado
E00349,00000464W,V078,14,entregado
E00350,00000455N,V151,14,entregado
E00351,00000792M,V042,18,entregado
E00352,00000010K,V109,31,entregado
E00353,00000038M,V095,23,embarcado
E00354,00000289D,V169,31,facturado
E00355,00000921L,V024,12,facturado
E00356,00000393D,V069,24,embarcado
E00357,00000816K,V096,30,entregado
E00358,00000873P,V124,20,embarcado
E00359,00000468A,V030,25,embarcado
E00360,00000149T,V107,14,facturado
E00361,00000177V,V067,21,facturado
E00362,00000604G,V074,23,embarcado
E00363,00000962A,V132,19,entregado
E00364,00000431P,V177,18,embarcado
E00365,00000344G,V199,25,facturado
E00366,00000733F,V126,22,entregado
E00367,00000436U,V024,12,facturado
E00368,00000212E,V039,17,entregado
E00369,00000027B,V027,18,facturado
E00370,00000492Y,V199,13,embarcado
E00371,00000666Q,V186,15,facturado
E00372,00000092O,V110,29,facturado
E00373,00000563R,V056,27,embarcado
E00374,00000356S,V013,30,facturado
E00375,00000753Z,V142,31,embarcado
E00376,00000855X,V172,13,embarcado
E00377,00000701Z,V072,15,embarcado
E00378,00000825T,V181,11,facturado
E00379,00000694S,V165,12,embarcado
E00380,00000127X,V172,24,embarcado
E00381,00000699X,V131,25,embarcado
E00382,00000119P,V156,25,facturado
E00383,00000153X,V099,29,entregado
E00384,00000207Z,V043,26,embarcado
E00385,00000427L,V191,27,embarcado
E00386,00000890G,V127,30,entregado
E00387,00000935Z,V055,29,embarcado
E00388,00000882Y,V125,13,facturado
E00389,00000776W,V187,31,embarcado
E00390,00000949N,V182,18,facturado
E00391,00000554I,V161,24,embarcado
E00392,00000779Z,V026,17,entregado
E00393,00000282W,V070,32,facturado
E00394,00000422G,V038,14,embarcado
E00395,00000200S,V105,27,entregado
E00396,00000613P,V015,27,entregado
E00397,00000522C,V039,23,embarcado
E00398,00000287B,V123,32,embarcado
E00399,00000274O,V126,16,embarcado
E00400,00000377N,V154,25,facturado
E00401,00000347J,V046,29,facturado
E00402,00000757D,V149,32,embarcado
E00403,00000548C,V039,11,entregado
E00404,00000334W,V136,32,facturado
E00405,00000661L,V195,16,embarcado
E00406,00000638O,V127,25,embarcado
E00407,00000122S,V033,14,entregado
E00408,00000263D,V058,12,entregado
E00409,00000552G,V180,11,entregado
E00410,00000177V,V176,13,facturado
E00411,00000577F,V052,26,entregado
E00412,00000676A,V079,23,embarcado
E00413,00000005F,V199,10,embarcado
E00414,00000842K,V158,17,facturado
E00415,00000761H,V058,18,entregado
E00416,00000641R,V088,18,entregado
E00417,00000737J,V133,22,facturado
E00418,00000125V,V085,21,facturado
E00419,00000117N,V065,14,entregado
E00420,00000588Q,V011,21,facturado
E00421,00000095R,V186,13,embarcado
E00422,00000325N,V064,18,entregado
E00423,00000051Z,V093,10,facturado
E00424,00000143N,V103,21,entregado
E00425,00000654E,V177,17,facturado
E00426,00000696U,V085,18,facturado
E00427,00000528I,V083,13,embarcado
E00428,00000946K,V165,14,entregado
E00429,00000950O,V070,22,facturado
E00430,00000696U,V148,29,entregado
E00431,00000541V,V122,28,embarcado
E00432,00000549D,V101,19,facturado
E00433,00000648Y,V078,27,facturado
E00434,00000056E,V154,26,facturado
E00435,00000180Y,V062,16,embarcado
E00436,00000282W,V140,10,embarcado
E00437,00000552G,V070,26,embarcado
E00438,00000485R,V033,22,entregado
E00439,00000107D,V191,21,facturado
E00440,00000671V,V140,21,entregado
E00441,00000569X,V186,26,entregado
E00442,00000595X,V008,29,embarcado
E00443,00000457P,V175,14,facturado
E00444,00000077Z,V149,14,entregado
E00445,00000901R,V056,25,embarcado
E00446,00000374K,V075,15,facturado
E00447,00000870M,V098,24,embarcado
E00448,00000121R,V154,14,embarcado
E00449,00000303R,V171,31,entregado
E00450,00000619V,V003,27,facturado
E00451,00000942G,V165,14,embarcado
E00452,00000765L,V144,13,embarcado
E00453,00000032G,V200,23,entregado
E00454,00000696U,V109,18,embarcado
E00455,00000419D,V104,29,embarcado
E00456,00000055D,V026,25,facturado
E00457,00000662M,V181,32,facturado
E00458,00000832A,V011,13,entregado
E00459,00000143N,V136,26,embarcado
E00460,00000565T,V070,28,entregado
E00461,00000365B,V122,32,facturado
E00462,00000950O,V160,17,facturado
E00463,00000576E,V092,15,facturado
E00464,00000796Q,V011,32,embarcado
E00465,00000433R,V187,21,embarcado
E00466,00000674Y,V161,11,entregado
E00467,00000446E,V107,22,embarcado
E00468,00000301P,V194,20,embarcado
E00469,00000818M,V180,17,entregado
E00470,00000625B,V133,14,facturado
E00471,00000350M,V173,13,entregado
E00472,00000177V,V140,30,entregado
E00473,00000500G,V088,32,facturado
E00474,00000999L,V150,10,embarcado
E00475,00000919J,V054,22,entregado
E00476,00000854W,V045,22,entregado
E00477,00000234A,V026,17,embarcado
E00478,00000999L,V085,31,facturado
E00479,00000804Y,V174,24,entregado
E00480,00000483P,V095,25,entregado
E00481,00000792M,V170,16,embarcado
E00482,00000452K,V103,27,facturado
E00483,00000586O,V125,18,facturado
E00484,00000154Y,V004,22,embarcado
E00485,00000112I,V007,30,facturado
E00486,00000964C,V047,24,embarcado
E00487,00000684I,V129,19,facturado
E00488,00000158C,V135,13,embarcado
E00489,00000020U,V119,22,entregado
E00490,00000722U,V189,17,entregado
E00491,00000713L,V101,10,entregado
E00492,00000824S,V064,23,facturado
E00493,00000679D,V046,20,entregado
E00494,00000245L,V020,27,entregado
E00495,00000984W,V042,15,embarcado
E00496,00000600C,V006,26,facturado
E00497,00000438W,V061,11,entregado
E00498,00000743P,V049,32,entregado
E00499,00000708G,V157,30,entregado
E00500,00000080C,V064,22,embarcado
E00501,00000122S,V146,30,facturado
E00502,00000397H,V023,27,facturado
E00503,00000657H,V123,11,entregado
E00504,00000245L,V200,10,facturado
E00505,00000979R,V080,24,embarcado
E00506,00000741N,V107,15,entregado
E00507,00000137H,V144,32,embarcado
E00508,00000790K,V137,30,embarcado
E00509,00000514U,V107,27,facturado
E00510,00000716O,V102,32,embarcado
E00511,00000828W,V052,25,embarcado
E00512,00000369F,V039,18,entregado
E00513,00000287B,V045,29,facturado
E00514,00000749V,V093,20,facturado
E00515,00000265F,V066,18,embarcado
E00516,00000394E,V072,28,embarcado
E00517,00000014O,V039,14,embarcado
E00518,00000232Y,V051,12,entregado
E00519,00000551F,V159,16,entregado
E00520,00000440Y,V184,17,entregado
E00521,00000143N,V142,24,embarcado
E00522,00000729B,V051,12,entregado
E00523,00000958W,V020,14,entregado
E00524,00000059H,V008,22,embarcado
E00525,00000428M,V175,14,entregado
E00526,00000612O,V034,31,entregado
E00527,00000560O,V019,17,embarcado
E00528,00000143N,V074,16,entregado
E00529,00000737J,V102,21,entregado
E00530,00000859B,V046,17,embarcado
E00531,00000727Z,V037,21,embarcado
E00532,00000549D,V075,12,entregado
E00533,00000848Q,V077,16,entregado
E00534,00000475H,V006,19,entregado
E00535,00000607J,V027,29,embarcado
E00536,00000773T,V114,18,entregado
E00537,00000060I,V014,20,facturado
E00538,00000832A,V034,30,facturado
E00539,00000116M,V112,30,entregado
E00540,00000252S,V191,16,entregado
E00541,00000520A,V102,13,entregado
E00542,00000218K,V099,31,entregado
E00543,00000138I,V184,28,embarcado
E00544,00000743P,V001,32,facturado
E00545,00000829X,V052,28,embarcado
E00546,00000679D,V124,27,entregado
E00547,00000237D,V069,11,entregado
E00548,00000172Q,V172,31,entregado
E00549,00000515V,V060,23,embarcado
E00550,00000788I,V170,23,embarcado
E00551,00000279T,V127,13,entregado
E00552,00000851T,V034,15,entregado
E00553,00000017R,V117,11,embarcado
E00554,00000220M,V101,27,embarcado
E00555,00000930U,V063,13,facturado
E00556,00000695T,V192,11,embarcado
E00557,00000854W,V114,16,facturado
E00558,00000610M,V129,16,entregado
E00559,00000395F,V134,21,facturado
E00560,00000239F,V093,31,entregado
E00561,00000776W,V199,12,embarcado
E00562,00000928S,V014,24,facturado
E00563,00000855X,V157,15,facturado
E00564,00000875R,V074,25,facturado
E00565,00000598A,V129,12,entregado
E00566,00000406Q,V024,22,entregado
E00567,00000863F,V147,30,embarcado
E00568,00000404O,V069,21,embarcado
E00569,00000985X,V013,27,embarcado
E00570,00000018S,V110,19,entregado
E00571,00000767N,V082,14,entregado
E00572,00000604G,V143,18,facturado
E00573,00000886C,V156,21,embarcado
E00574,00000401L,V134,10,entregado
E00575,00000596Y,V030,11,entregado
E00576,00000543X,V004,13,embarcado
E00577,00000345H,V095,27,facturado
E00578,00000653D,V095,28,facturado
E00579,00000497D,V163,12,entregado
E00580,00000457P,V086,26,entregado
E00581,00000004E,V042,20,embarcado
E00582,00000220M,V038,28,facturado
E00583,00000604G,V028,22,embarcado
E00584,00000888E,V131,23,embarcado
E00585,00000350M,V067,29,embarcado
E00586,00000039N,V183,12,entregado
E00587,00000253T,V068,22,entregado
E00588,00000291F,V147,29,facturado
E00589,00000077Z,V182,15,embarcado
E00590,00000424I,V022,14,embarcado
E00591,00000565T,V186,30,embarcado
E00592,00000241H,V054,13,embarcado
E00593,00000740M,V123,11,entregado
E00594,00000525F,V078,16,entregado
E00595,00000077Z,V141,20,embarcado
E00596,00000949N,V076,26,facturado
E00597,00000037L,V114,21,entregado
E00598,00000039N,V008,20,embarcado
E00599,00000768O,V042,27,facturado
E00600,00000724W,V151,32,entregado
E00601,00000645V,V135,23,facturado
E00602,00000997J,V051,17,facturado
E00603,00000602E,V034,28,entregado
E00604,00000126W,V185,18,embarcado
E00605,00000202U,V015,21,embarcado
E00606,00000343F,V158,21,facturado
E00607,00000948M,V163,10,facturado
E00608,00000501H,V009,15,embarcado
E00609,00000921L,V142,11,facturado
E00610,00000236C,V196,12,entregado
E00611,00000837F,V045,11,entregado
E00612,00000206Y,V054,24,embarcado
E00613,00000249P,V126,26,embarcado
E00614,00000333V,V101,30,facturado
E00615,00000200S,V153,15,facturado
E00616,00000701Z,V160,19,entregado
E00617,00000437V,V158,25,embarcado
E00618,00000024Y,V125,10,facturado
E00619,00000675Z,V161,28,entregado
E00620,00000635L,V111,32,entregado
E00621,00000352O,V087,12,entregado
E00622,00000431P,V050,32,entregado
E00623,00000824S,V127,29,entregado
E00624,00000677B,V141,26,embarcado
E00625,00000615R,V175,28,embarcado
E00626,00000619V,V121,15,embarcado
E00627,00000692Q,V135,19,entregado
E00628,00000784E,V102,29,entregado
E00629,00000266G,V066,19,facturado
E00630,00000620W,V194,11,embarcado
E00631,00000469B,V092,17,entregado
E00632,00000455N,V054,32,embarcado
E00633,00000948M,V086,32,entregado
E00634,00000149T,V099,23,facturado
E00635,00000658I,V029,21,facturado
E00636,00000262C,V193,27,entregado
E00637,00000056E,V079,22,facturado
E00638,00000333V,V087,19,entregado
E00639,00000900Q,V013,16,entregado
E00640,00000084G,V085,13,entregado
E00641,00000841J,V166,12,facturado
E00642,00000800U,V177,19,embarcado
E00643,00000623Z,V088,17,facturado
E00644,00000986Y,V165,32,entregado
E00645,00000188G,V194,26,entregado
E00646,00000588Q,V165,21,embarcado
E00647,00000301P,V097,23,entregado
E00648,00000997J,V119,12,facturado
E00649,00000418C,V060,29,facturado
E00650,00000633J,V062,30,facturado
E00651,00000250Q,V183,22,embarcado
E00652,00000216I,V160,14,entregado
E00653,00000307V,V191,21,facturado
E00654,00000730C,V181,31,embarcado
E00655,00000455N,V128,15,entregado
E00656,00000150U,V008,21,embarcado
E00657,00000568W,V088,26,embarcado
E00658,00000326O,V155,13,entregado
E00659,00000662M,V075,27,entregado
E00660,00000283X,V110,10,embarcado
E00661,00000771R,V023,30,embarcado
E00662,00000118O,V129,17,entregado
E00663,00000766M,V165,18,embarcado
E00664,00000382S,V060,11,facturado
E00665,00000612O,V132,26,entregado
E00666,00000167L,V034,19,facturado
E00667,00000906W,V018,16,facturado
E00668,00000689N,V016,23,entregado
E00669,00000733F,V006,12,facturado
E00670,00000010K,V009,27,embarcado
E00671,00000341D,V005,29,facturado
E00672,00000573B,V055,25,facturado
E00673,00000273N,V076,28,entregado
E00674,00000535P,V065,17,facturado
E00675,00000216I,V101,11,facturado
E00676,00000994G,V143,32,embarcado
E00677,00000037L,V085,20,embarcado
E00678,00000123T,V005,28,facturado
E00679,00000518Y,V164,12,facturado
E00680,00000224Q,V058,15,embarcado
E00681,00000928S,V026,11,embarcado
E00682,00000900Q,V186,14,facturado
E00683,00000853V,V114,14,facturado
E00684,00000045T,V192,19,embarcado
E00685,00000060I,V151,12,embarcado
E00686,00000206Y,V059,31,facturado
E00687,00000123T,V015,16,facturado
E00688,00000765L,V187,13,facturado
E00689,00000976O,V191,17,embarcado
E00690,00000732E,V065,26,embarcado
E00691,00000893J,V064,11,entregado
E00692,00000258Y,V196,16,embarcado
E00693,00000359V,V092,24,entregado
E00694,00000889F,V158,22,entregado
E00695,00000396G,V023,23,facturado
E00696,00000852U,V126,20,facturado
E00697,00000620W,V167,13,facturado
E00698,00000075X,V198,23,embarcado
E00699,00000546A,V078,20,embarcado
E00700,00000420E,V117,21,embarcado
E00701,00000324M,V102,25,entregado
E00702,00000018S,V095,14,embarcado
E00703,00000173R,V078,28,facturado
E00704,00000893J,V141,32,entregado
E00705,00000154Y,V043,24,entregado
E00706,00000643T,V039,14,facturado
E00707,00000082E,V157,18,facturado
E00708,00000365B,V166,20,facturado
E00709,00000284Y,V122,19,facturado
E00710,00000439X,V040,27,embarcado
E00711,00000908Y,V116,13,facturado
E00712,00000701Z,V081,12,entregado
E00713,00000192K,V123,27,facturado
E00714,00000048W,V186,16,entregado
E00715,00000365B,V189,21,entregado
E00716,00000957V,V091,26,entregado
E00717,00000830Y,V171,21,embarcado
E00718,00000670U,V031,15,embarcado
E00719,00000034I,V070,29,entregado
E00720,00000989B,V054,11,facturado
E00721,00000858A,V078,20,entregado
E00722,00000413X,V063,21,facturado
E00723,00000238E,V075,32,entregado
E00724,00000007H,V051,13,facturado
E00725,00000229V,V095,26,embarcado
E00726,00000145P,V042,17,facturado
E00727,00000319H,V147,26,entregado
E00728,00000923N,V139,29,entregado
E00729,00000809D,V111,24,entregado
E00730,00000525F,V122,15,entregado
E00731,00000885B,V092,16,embarcado
E00732,00000824S,V019,18,facturado
E00733,00000235B,V196,14,facturado
E00734,00000792M,V054,10,facturado
E00735,00000498E,V093,15,facturado
E00736,00000803X,V093,12,entregado
E00737,00000244K,V174,32,facturado
E00738,00000090M,V113,30,entregado
E00739,00000202U,V155,20,facturado
E00740,00000589R,V177,31,entregado
E00741,00000952Q,V005,16,embarcado
E00742,00000912C,V123,27,facturado
E00743,00000923N,V014,21,embarcado
E00744,00000573B,V090,14,embarcado
E00745,00000070S,V131,20,entregado
E00746,00000760G,V146,31,embarcado
E00747,00000620W,V082,28,facturado
E00748,00000493Z,V087,23,facturado
E00749,00000269J,V017,31,entregado
E00750,00000880W,V083,10,facturado
E00751,00000931V,V084,17,embarcado
E00752,00000269J,V065,19,embarcado
E00753,00000426K,V004,19,facturado
E00754,00000649Z,V075,11,facturado
E00755,00000442A,V111,29,facturado
E00756,00000285Z,V092,30,entregado
E00757,00000580I,V127,28,embarcado
E00758,00000624A,V066,31,facturado
E00759,00000331T,V037,21,facturado
E00760,00000407R,V092,26,entregado
E00761,00000581J,V179,16,embarcado
E00762,00000461T,V039,25,entregado
E00763,00000249P,V010,30,facturado
E00764,00000081D,V190,12,facturado
E00765,00000532M,V130,25,entregado
E00766,00000496C,V180,20,entregado
E00767,00000815J,V044,28,entregado
E00768,00000510Q,V102,10,embarcado
E00769,00000566U,V186,27,entregado
E00770,00000462U,V043,28,entregado
E00771,00000383T,V014,21,embarcado
E00772,00000449H,V061,32,entregado
E00773,00000679D,V140,19,facturado
E00774,00000453L,V195,21,facturado
E00775,00000166K,V035,24,facturado
E00776,00000978Q,V094,28,embarcado
E00777,00000994G,V045,28,embarcado
E00778,00000490W,V003,28,facturado
E00779,00000906W,V157,11,embarcado
E00780,00000671V,V042,26,facturado
E00781,00000410U,V120,13,embarcado
E00782,00000269J,V036,15,embarcado
E00783,00000135F,V047,29,entregado
E00784,00000316E,V060,27,entregado
E00785,00000438W,V120,24,entregado
E00786,00000566U,V080,15,entregado
E00787,00000631H,V130,19,entregado
E00788,00000863F,V053,19,entregado
E00789,00000159D,V175,10,embarcado
E00790,00000122S,V109,22,entregado
E00791,00000671V,V132,15,entregado
E00792,00000909Z,V113,24,entregado
E00793,00000453L,V094,16,facturado
E00794,00000088K,V185,13,facturado
E00795,00000552G,V100,14,embarcado
E00796,00000407R,V047,25,embarcado
E00797,00000535P,V152,11,entregado
E00798,00000199R,V152,24,embarcado
E00799,00000400K,V075,21,facturado
E00800,00000863F,V154,18,facturado
E00801,00000899P,V199,10,entregado
E00802,00000063L,V172,12,entregado
E00803,00000236C,V115,20,embarcado
E00804,00000344G,V191,13,embarcado
E00805,00000056E,V192,24,embarcado
E00806,00000953R,V105,24,embarcado
E00807,00000520A,V025,15,embarcado
E00808,00000555J,V110,29,entregado
E00809,00000877T,V123,26,facturado
E00810,00000328Q,V038,21,facturado
E00811,00000626C,V050,17,facturado
E00812,00000909Z,V117,30,facturado
E00813,00000106C,V179,13,embarcado
E00814,00000054C,V117,14,embarcado
E00815,00000574C,V083,18,embarcado
E00816,00000015P,V100,25,entregado
E00817,00000457P,V078,32,embarcado
E00818,00000660K,V149,22,embarcado
E00819,00000870M,V193,19,facturado
E00820,00000103Z,V126,15,embarcado
E00821,00000158C,V118,13,entregado
E00822,00000127X,V138,20,embarcado
E00823,00000844M,V127,31,entregado
E00824,00000958W,V163,20,entregado
E00825,00000596Y,V082,27,entregado
E00826,00000819N,V119,20,embarcado
E00827,00000708G,V101,27,facturado
E00828,00000171P,V062,27,facturado
E00829,00000880W,V153,17,facturado
E00830,00000800U,V083,29,facturado
E00831,00000337Z,V108,10,embarcado
E00832,00000369F,V093,29,entregado
E00833,00000903T,V170,23,facturado
E00834,00000806A,V074,17,embarcado
E00835,00000407R,V179,22,entregado
E00836,00000793N,V045,10,embarcado
E00837,00000667R,V090,29,entregado
E00838,00000860C,V057,17,facturado
E00839,00000843L,V157,20,embarcado
E00840,00000209B,V182,19,facturado
E00841,00000445D,V002,21,facturado
E00842,00000828W,V105,14,facturado
E00843,00000547B,V188,15,embarcado
E00844,00000148S,V097,23,embarcado
E00845,00000556K,V164,32,entregado
E00846,00000997J,V071,16,facturado
E00847,00000163H,V043,27,facturado
E00848,00000988A,V038,13,embarcado
E00849,00000599B,V134,14,embarcado
E00850,00000138I,V086,29,entregado
E00851,00000720S,V175,20,entregado
E00852,00000141L,V006,21,facturado
E00853,00000232Y,V061,32,embarcado
E00854,00000607J,V126,11,entregado
E00855,00000092O,V035,27,embarcado
E00856,00000579H,V037,16,embarcado
E00857,00000726Y,V036,18,entregado
E00858,00000357T,V017,22,embarcado
E00859,00000031F,V136,24,facturado
E00860,00000737J,V062,16,entregado
E00861,00000931V,V002,32,embarcado
E00862,00000044S,V069,26,facturado
E00863,00000074W,V028,13,embarcado
E00864,00000340C,V027,24,entregado
E00865,00000953R,V148,26,entregado
E00866,00000668S,V124,31,embarcado
E00867,00000147R,V111,21,entregado
E00868,00000358U,V193,22,embarcado
E00869,00000447F,V095,27,facturado
E00870,00000201T,V017,14,facturado
E00871,00000246M,V006,17,entregado
E00872,00000404O,V117,29,embarcado
E00873,00000582K,V025,11,facturado
E00874,00000835D,V135,10,facturado
E00875,00000441Z,V072,23,facturado
E00876,00000881X,V061,32,entregado
E00877,00000384U,V107,20,entregado
E00878,00000766M,V013,26,embarcado
E00879,00000133D,V177,26,embarcado
E00880,00000599B,V016,21,facturado
E00881,00000862E,V063,30,entregado
E00882,00000128Y,V112,14,facturado
E00883,00000375L,V034,14,embarcado
E00884,00000026A,V121,30,facturado
E00885,00000495B,V018,28,embarcado
E00886,00000095R,V121,27,entregado
E00887,00000514U,V025,14,entregado
E00888,00000869L,V173,32,embarcado
E00889,00000659J,V155,27,embarcado
E00890,00000248O,V134,22,embarcado
E00891,00000853V,V188,20,embarcado
E00892,00000120Q,V018,16,entregado
E00893,00000626C,V179,21,facturado
E00894,00000099V,V091,13,facturado
E00895,00000114K,V177,30,entregado
E00896,00000090M,V001,26,embarcado
E00897,00000934Y,V061,12,embarcado
E00898,00000500G,V157,11,entregado
E00899,00000440Y,V144,19,embarcado
E00900,00000644U,V011,31,entregado
E00901,00000030E,V071,29,embarcado
E00902,00000449H,V057,18,embarcado
E00903,00000794O,V123,24,entregado
E00904,00000057F,V069,26,facturado
E00905,00000764K,V181,24,embarcado
E00906,00000303R,V150,28,facturado
E00907,00000329R,V131,31,embarcado
E00908,00000778Y,V171,32,embarcado
E00909,00000702A,V144,29,embarcado
E00910,00000489V,V193,30,facturado
E00911,00000314C,V005,12,facturado
E00912,00000506M,V030,21,embarcado
E00913,00000866I,V080,27,embarcado
E00914,00000142M,V028,26,facturado
E00915,00000467Z,V010,24,embarcado
E00916,00000748U,V146,20,entregado
E00917,00000381R,V033,32,facturado
E00918,00000551F,V052,18,entregado
E00919,00000830Y,V017,24,embarcado
E00920,00000013N,V166,18,entregado
E00921,00000985X,V129,32,facturado
E00922,00000580I,V103,13,facturado
E00923,00000702A,V083,29,entregado
E00924,00000653D,V179,32,entregado
E00925,00000951P,V115,12,entregado
E00926,00000511R,V136,20,entregado
E00927,00000895L,V174,11,facturado
E00928,00000174S,V015,29,facturado
E00929,00000826U,V011,13,entregado
E00930,00000543X,V079,16,facturado
E00931,00000547B,V039,17,facturado
E00932,00000092O,V129,21,entregado
E00933,00000861D,V145,23,embarcado
E00934,00000630G,V035,19,entregado
E00935,00000832A,V064,12,entregado
E00936,00000272M,V015,10,embarcado
E00937,00000626C,V073,25,embarcado
E00938,00000447F,V018,15,facturado
E00939,00000787H,V174,11,entregado
E00940,00000844M,V194,23,embarcado
E00941,00000364A,V091,26,facturado
E00942,00000184C,V058,17,facturado
E00943,00000375L,V018,24,embarcado
E00944,00000834C,V056,17,embarcado
E00945,00000159D,V177,32,entregado
E00946,00000391B,V028,25,entregado
E00947,00000750W,V157,10,embarcado
E00948,00000320I,V068,32,embarcado
E00949,00000920K,V054,14,entregado
E00950,00000652C,V098,31,facturado
E00951,00000807B,V197,22,embarcado
E00952,00000549D,V007,14,facturado
E00953,00000878U,V127,30,facturado
E00954,00000908Y,V076,32,entregado
E00955,00000447F,V052,26,embarcado
E00956,00000101X,V064,17,embarcado
E00957,00000589R,V030,15,embarcado
E00958,00000368E,V181,30,entregado
E00959,00000650A,V160,23,embarcado
E00960,00000567V,V108,10,entregado
E00961,00000409T,V037,23,facturado
E00962,00000063L,V075,22,entregado
E00963,00000441Z,V164,13,facturado
E00964,00000613P,V070,25,entregado
E00965,00000433R,V068,26,facturado
E00966,00000334W,V040,27,entregado
E00967,00000551F,V067,31,entregado
E00968,00000026A,V144,31,entregado
E00969,00000933X,V025,21,embarcado
E00970,00000272M,V193,13,embarcado
E00971,00000143N,V022,23,entregado
E00972,00000995H,V098,10,embarcado
E00973,00000597Z,V185,14,entregado
E00974,00000994G,V101,25,facturado
E00975,00000522C,V008,22,facturado
E00976,00000421F,V154,12,facturado
E00977,00000689N,V011,24,facturado
E00978,00000301P,V157,11,embarcado
E00979,00000788I,V011,12,facturado
E00980,00000848Q,V012,28,embarcado
E00981,00000363Z,V079,12,entregado
E00982,00000482O,V159,21,embarcado
E00983,00000877T,V197,15,entregado
E00984,00000364A,V135,17,embarcado
E00985,00000618U,V060,17,entregado
E00986,00000791L,V180,16,embarcado
E00987,00000980S,V079,27,embarcado
E00988,00000732E,V078,28,facturado
E00989,00000673X,V124,18,entregado
E00990,00000804Y,V059,14,facturado
E00991,00000882Y,V042,12,embarcado
E00992,00000409T,V052,14,facturado
E00993,00000835D,V142,29,facturado
E00994,00000324M,V099,32,facturado
E00995,00000163H,V010,24,facturado
E00996,00000411V,V029,32,embarcado
E00997,00000791L,V057,30,embarcado
E00998,00000524E,V167,24,embarcado
E00999,00000086I,V018,12,facturado
E01000,00000123T,V135,24,entregado
E01001,00000848Q,V143,24,facturado
E01002,00000616S,V043,24,embarcado
E01003,00000554I,V029,16,facturado
E01004,00000250Q,V079,16,entregado
E01005,00000622Y,V076,19,embarcado
E01006,00000943H,V090,18,embarcado
E01007,00000049X,V008,10,entregado
E01008,00000800U,V113,11,facturado
E01009,00000079B,V081,24,entregado
E01010,00000312A,V030,17,entregado
E01011,00000891H,V029,16,facturado
E01012,00000200S,V163,14,entregado
E01013,00000611N,V176,31,facturado
E01014,00000451J,V187,10,entregado
E01015,00000233Z,V122,15,entregado
E01016,00000973L,V003,17,facturado
E01017,00000065N,V005,14,embarcado
E01018,00000936A,V148,12,entregado
E01019,00000553H,V067,16,embarcado
E01020,00000009J,V140,18,embarcado
E01021,00000266G,V139,22,embarcado
E01022,00000543X,V136,27,embarcado
E01023,00000286A,V023,15,embarcado
E01024,00000577F,V101,14,entregado
E01025,00000214G,V135,10,entregado
E01026,00000053B,V082,14,facturado
E01027,00000327P,V102,11,embarcado
E01028,00000746S,V152,25,entregado
E01029,00000901R,V017,32,facturado
E01030,00000135F,V143,23,entregado
E01031,00000399J,V140,18,entregado
E01032,00000046U,V056,16,embarcado
E01033,00000724W,V098,19,entregado
E01034,00000024Y,V146,18,facturado
E01035,00000549D,V134,27,facturado
E01036,00000236C,V023,16,embarcado
E01037,00000169N,V014,31,embarcado
E01038,00000911B,V073,10,facturado
E01039,00000821P,V026,11,entregado
E01040,00000602E,V111,25,facturado
E01041,00000965D,V056,28,embarcado
E01042,00000832A,V170,13,entregado
E01043,00000415Z,V058,12,facturado
E01044,00000347J,V130,25,embarcado
E01045,00000525F,V170,21,embarcado
E01046,00000837F,V150,17,embarcado
E01047,00000267H,V104,21,embarcado
E01048,00000822Q,V145,17,embarcado
E01049,00000924O,V159,13,facturado
E01050,00000704C,V154,30,embarcado
E01051,00000078A,V007,23,entregado
E01052,00000506M,V016,24,facturado
E01053,00000641R,V166,17,embarcado
E01054,00000360W,V132,12,embarcado
E01055,00000694S,V010,18,entregado
E01056,00000537R,V197,29,embarcado
E01057,00000133D,V147,15,embarcado
E01058,00000704C,V080,32,embarcado
E01059,00000748U,V063,25,entregado
E01060,00000393D,V008,26,embarcado
E01061,00000124U,V074,18,facturado
E01062,00000580I,V022,20,entregado
E01063,00000527H,V170,15,facturado
E01064,00000301P,V190,12,facturado
E01065,00000467Z,V096,22,entregado
E01066,00000834C,V199,24,entregado
E01067,00000484Q,V171,31,facturado
E01068,00000577F,V126,28,facturado
E01069,00000956U,V172,11,facturado
E01070,00000020U,V072,11,embarcado
E01071,00000319H,V046,27,embarcado
E01072,00000633J,V184,31,embarcado
E01073,00000018S,V117,20,facturado
E01074,00000869L,V058,21,entregado
E01075,00000866I,V183,11,facturado
E01076,00000452K,V132,16,embarcado
E01077,00000157B,V046,17,facturado
E01078,00000405P,V011,15,embarcado
E01079,00000005F,V117,27,entregado
E01080,00000540U,V042,11,embarcado
E01081,00000228U,V066,31,entregado
E01082,00000995H,V113,16,facturado
E01083,00000620W,V184,22,embarcado
E01084,00000409T,V131,23,embarcado
E01085,00000454M,V087,28,facturado
E01086,00000081D,V121,23,facturado
E01087,00000919J,V111,15,entregado
E01088,00000522C,V200,26,entregado
E01089,00000516W,V160,15,embarcado
E01090,00000423H,V192,25,embarcado
E01091,00000981T,V089,32,embarcado
E01092,00000892I,V102,27,embarcado
E01093,00000294I,V062,21,entregado
E01094,00000558M,V184,32,entregado
E01095,00000231X,V068,10,entregado
E01096,00000075X,V068,32,embarcado
E01097,00000165J,V068,28,embarcado
E01098,00000503J,V005,15,embarcado
E01099,00000114K,V057,14,facturado
E01100,00000394E,V015,15,facturado
E01101,00000098U,V120,27,entregado
E01102,00000671V,V120,10,facturado
E01103,00000278S,V014,26,embarcado
E01104,00000911B,V190,30,facturado
E01105,00000365B,V153,24,facturado
E01106,00000347J,V082,22,entregado
E01107,00000399J,V075,12,facturado
E01108,00000838G,V186,24,entregado
E01109,00000358U,V110,23,entregado
E01110,00000927R,V187,23,entregado
E01111,00000273N,V048,14,facturado
E01112,00000339B,V091,22,facturado
E01113,00000647X,V152,20,entregado
E01114,00000925P,V046,14,entregado
E01115,00000937B,V161,13,entregado
E01116,00000210C,V123,32,facturado
E01117,00000368E,V158,26,entregado
E01118,00000729B,V042,16,embarcado
E01119,00000176U,V192,14,entregado
E01120,00000410U,V109,25,embarcado
E01121,00000721T,V200,11,entregado
E01122,00000078A,V007,21,facturado
E01123,00000160E,V055,22,embarcado
E01124,00000523D,V151,18,embarcado
E01125,00000611N,V087,25,embarcado
E01126,00000084G,V152,29,facturado
E01127,00000796Q,V036,27,entregado
E01128,00000482O,V046,12,facturado
E01129,00000067P,V007,15,embarcado
E01130,00000199R,V185,24,embarcado
E01131,00000731D,V139,26,embarcado
E01132,00000715N,V175,18,entregado
E01133,00000394E,V027,32,embarcado
E01134,00000475H,V062,12,entregado
E01135,00000752Y,V081,14,entregado
E01136,00000619V,V007,30,entregado
E01137,00000388Y,V164,11,embarcado
E01138,00000354Q,V198,31,facturado
E01139,00000712K,V159,24,embarcado
E01140,00000599B,V003,27,embarcado
E01141,00000942G,V187,22,entregado
E01142,00000968G,V195,11,entregado
E01143,00000833B,V175,24,entregado
E01144,00000707F,V167,13,embarcado
E01145,00000416A,V189,13,entregado
E01146,00000903T,V005,10,entregado
E01147,00000610M,V105,21,facturado
E01148,00000415Z,V189,11,facturado
E01149,00000951P,V074,26,entregado
E01150,00000628E,V106,30,facturado
E01151,00000808C,V146,25,entregado
E01152,00000301P,V150,29,embarcado
E01153,00000759F,V174,11,embarcado
E01154,00000553H,V152,23,facturado
E01155,00000332U,V044,24,embarcado
E01156,00000592U,V143,31,facturado
E01157,00000516W,V165,12,entregado
E01158,00000603F,V158,22,embarcado
E01159,00000402M,V126,11,entregado
E01160,00000758E,V075,15,entregado
E01161,00000959X,V069,22,embarcado
E01162,00000128Y,V066,10,facturado
E01163,00000854W,V172,13,embarcado
E01164,00000970I,V039,24,facturado
E01165,00000802W,V061,11,facturado
E01166,00000082E,V028,13,entregado
E01167,00000039N,V149,31,facturado
E01168,00000045T,V065,23,facturado
E01169,00000835D,V089,13,facturado
E01170,00000863F,V100,29,entregado
E01171,00000842K,V058,15,entregado
E01172,00000588Q,V126,15,embarcado
E01173,00000849R,V155,22,entregado
E01174,00000811F,V145,31,facturado
E01175,00000334W,V136,12,entregado
E01176,00000828W,V193,11,facturado
E01177,00000828W,V148,19,facturado
E01178,00000462U,V023,10,entregado
E01179,00000049X,V190,18,entregado
E01180,00000313B,V152,29,embarcado
E01181,00000470C,V099,13,entregado
E01182,00000229V,V079,30,entregado
E01183,00000798S,V033,26,entregado
E01184,00000907X,V191,10,embarcado
E01185,00000893J,V182,24,facturado
E01186,00000442A,V173,14,embarcado
E01187,00000117N,V096,18,facturado
E01188,00000337Z,V159,14,entregado
E01189,00000229V,V158,10,facturado
E01190,00000725X,V124,21,entregado
E01191,00000131B,V105,31,embarcado
E01192,00000438W,V160,24,facturado
E01193,00000257X,V014,26,embarcado
E01194,00000735H,V132,20,facturado
E01195,00000214G,V059,17,embarcado
E01196,00000356S,V066,10,embarcado
E01197,00000791L,V130,14,embarcado
E01198,00000784E,V124,12,entregado
E01199,00000819N,V071,13,facturado
E01200,00000112I,V110,22,facturado
E01201,00000118O,V171,24,entregado
E01202,00000683H,V056,15,facturado
E01203,00000280U,V094,32,embarcado
E01204,00000356S,V192,18,entregado
E01205,00000773T,V039,10,facturado
E01206,00000264E,V124,29,entregado
E01207,00000017R,V088,10,facturado
E01208,00000715N,V052,18,entregado
E01209,00000931V,V059,12,embarcado
E01210,00000705D,V095,32,embarcado
E01211,00000771R,V197,16,facturado
E01212,00000986Y,V002,22,embarcado
E01213,00000587P,V085,31,embarcado
E01214,00000352O,V151,32,embarcado
E01215,00000968G,V104,29,embarcado
E01216,00000792M,V091,29,facturado
E01217,00000952Q,V112,17,entregado
E01218,00000484Q,V089,19,entregado
E01219,00000030E,V028,29,entregado
E01220,00000974M,V014,15,entregado
E01221,00000773T,V058,27,embarcado
E01222,00000869L,V076,23,embarcado
E01223,00000637N,V002,12,embarcado
E01224,00000157B,V188,28,facturado
E01225,00000863F,V122,31,embarcado
E01226,00000506M,V026,23,entregado
E01227,00000943H,V043,32,entregado
E01228,00000505L,V056,30,embarcado
E01229,00000992E,V143,11,embarcado
E01230,00000301P,V036,18,entregado
E01231,00000527H,V078,25,facturado
E01232,00000447F,V086,26,embarcado
E01233,00000216I,V072,11,embarcado
E01234,00000515V,V148,19,embarcado
E01235,00000307V,V068,15,embarcado
E01236,00000270K,V086,14,embarcado
E01237,00000397H,V173,24,entregado
E01238,00000853V,V127,15,embarcado
E01239,00000041P,V024,28,facturado
E01240,00000995H,V082,11,entregado
E01241,00000764K,V079,11,embarcado
E01242,00000815J,V028,29,entregado
E01243,00000719R,V083,14,facturado
E01244,00000353P,V062,29,embarcado
E01245,00000532M,V112,32,facturado
E01246,00000533N,V022,11,embarcado
E01247,00000020U,V168,24,facturado
E01248,00000173R,V191,18,entregado
E01249,00000632I,V054,23,embarcado
E01250,00000645V,V043,11,facturado
E01251,00000510Q,V100,27,entregado
E01252,00000930U,V169,13,embarcado
E01253,00000295J,V112,11,facturado
E01254,00000342E,V108,28,entregado
E01255,00000499F,V154,16,entregado
E01256,00000524E,V173,12,embarcado
E01257,00000816K,V163,22,entregado
E01258,00000184C,V200,17,entregado
E01259,00000971J,V125,12,entregado
E01260,00000430O,V174,22,facturado
E01261,00000262C,V200,10,embarcado
E01262,00000034I,V067,12,facturado
E01263,00000634K,V065,24,entregado
E01264,00000446E,V079,13,embarcado
E01265,00000808C,V014,25,facturado
E01266,00000837F,V066,27,facturado
E01267,00000130A,V011,31,embarcado
E01268,00000565T,V003,28,entregado
E01269,00000305T,V001,22,embarcado
E01270,00000100W,V066,15,entregado
E01271,00000714M,V052,12,facturado
E01272,00000800U,V180,31,entregado
E01273,00000657H,V097,26,entregado
E01274,00000740M,V006,17,embarcado
E01275,00000699X,V005,31,facturado
E01276,00000541V,V107,29,facturado
E01277,00000055D,V190,22,entregado
E01278,00000425J,V049,15,facturado
E01279,00000094Q,V157,24,entregado
E01280,00000558M,V086,31,entregado
E01281,00000257X,V050,26,entregado
E01282,00000262C,V100,17,entregado
E01283,00000300O,V159,18,entregado
E01284,00000151V,V183,30,embarcado
E01285,00000371H,V149,18,entregado
E01286,00000657H,V057,16,entregado
E01287,00000678C,V006,13,facturado
E01288,00000283X,V044,20,facturado
E01289,00000167L,V168,30,facturado
E01290,00000624A,V057,22,embarcado
E01291,00000264E,V055,30,embarcado
E01292,00000385V,V011,11,facturado
E01293,00000737J,V128,23,embarcado
E01294,00000974M,V094,22,embarcado
E01295,00000633J,V051,19,embarcado
E01296,00000820O,V068,25,entregado
E01297,00000157B,V149,21,facturado
E01298,00000400K,V016,12,embarcado
E01299,00000078A,V199,25,facturado
E01300,00000465X,V079,11,embarcado
E01301,00000346I,V002,32,entregado
E01302,00000630G,V127,23,embarcado
E01303,00000434S,V194,21,entregado
E01304,00000738K,V125,16,entregado
E01305,00000443B,V101,19,facturado
E01306,00000083F,V187,15,entregado
E01307,00000346I,V094,28,embarcado
E01308,00000723V,V098,13,embarcado
E01309,00000054C,V112,29,facturado
E01310,00000116M,V059,32,embarcado
E01311,00000393D,V045,31,facturado
E01312,00000226S,V159,13,entregado
E01313,00000356S,V083,26,embarcado
E01314,00000830Y,V198,15,embarcado
E01315,00000646W,V124,28,facturado
E01316,00000039N,V129,16,entregado
E01317,00000256W,V196,14,facturado
E01318,00000281V,V143,10,facturado
E01319,00000381R,V074,16,facturado
E01320,00000956U,V080,31,entregado
E01321,00000152W,V033,12,entregado
E01322,00000161F,V151,23,embarcado
E01323,00000784E,V034,12,facturado
E01324,00000945J,V196,15,entregado
E01325,00000427L,V056,22,entregado
E01326,00000869L,V126,15,entregado
E01327,00000066O,V128,17,facturado
E01328,00000075X,V175,14,facturado
E01329,00000922M,V049,29,entregado
E01330,00000718Q,V038,27,embarcado
E01331,00000990C,V017,28,embarcado
E01332,00000081D,V092,26,embarcado
E01333,00000184C,V169,28,embarcado
E01334,00000444C,V143,28,entregado
E01335,00000574C,V057,14,entregado
E01336,00000604G,V031,23,entregado
E01337,00000439X,V095,17,embarcado
E01338,00000692Q,V144,22,embarcado
E01339,00000686K,V146,15,facturado
E01340,00000785F,V013,21,entregado
E01341,00000475H,V042,31,entregado
E01342,00000478K,V147,21,embarcado
E01343,00000160E,V118,16,entregado
E01344,00000489V,V138,19,entregado
E01345,00000214G,V033,29,facturado
E01346,00000290E,V028,31,facturado
E01347,00000672W,V059,23,entregado
E01348,00000220M,V172,19,embarcado
E01349,00000735H,V016,22,facturado
E01350,00000652C,V179,11,embarcado
E01351,00000765L,V077,29,facturado
E01352,00000439X,V004,24,embarcado
E01353,00000430O,V063,30,facturado
E01354,00000173R,V130,11,entregado
E01355,00000392C,V042,10,entregado
E01356,00000508O,V125,21,entregado
E01357,00000879V,V110,10,entregado
E01358,00000609L,V171,23,embarcado
E01359,00000986Y,V061,26,facturado
E01360,00000574C,V161,11,entregado
E01361,00000905V,V052,30,embarcado
E01362,00000037L,V035,24,entregado
E01363,00000183B,V116,14,facturado
E01364,00000258Y,V130,22,entregado
E01365,00000096S,V132,13,facturado
E01366,00000714M,V099,25,embarcado
E01367,00000216I,V010,26,embarcado
E01368,00000226S,V124,16,facturado
E01369,00000243J,V051,26,entregado
E01370,00000347J,V165,32,embarcado
E01371,00000952Q,V123,29,entregado
E01372,00000828W,V130,17,facturado
E01373,00000289D,V032,28,facturado
E01374,00000778Y,V010,29,embarcado
E01375,00000092O,V136,30,facturado
E01376,00000468A,V139,12,embarcado
E01377,00000739L,V036,27,facturado
E01378,00000811F,V183,14,embarcado
E01379,00000959X,V171,21,embarcado
E01380,00000766M,V049,22,embarcado
E01381,00000862E,V022,22,embarcado
E01382,00000011L,V073,16,entregado
E01383,00000365B,V096,30,facturado
E01384,00000098U,V115,22,embarcado
E01385,00000717P,V045,19,entregado
E01386,00000990C,V167,17,entregado
E01387,00000338A,V086,16,facturado
E01388,00000053B,V005,32,facturado
E01389,00000616S,V119,20,entregado
E01390,00000038M,V069,28,entregado
E01391,00000925P,V070,12,entregado
E01392,00000656G,V064,10,facturado
E01393,00000770Q,V106,21,embarcado
E01394,00000828W,V128,11,embarcado
E01395,00000114K,V079,32,embarcado
E01396,00000770Q,V064,17,entregado
E01397,00000598A,V112,28,embarcado
E01398,00000011L,V002,14,embarcado
E01399,00000726Y,V196,14,embarcado
E01400,00000080C,V154,17,entregado
E01401,00000660K,V141,14,facturado
E01402,00000411V,V036,29,entregado
E01403,00000750W,V085,16,facturado
E01404,00000141L,V156,32,facturado
E01405,00000131B,V199,11,entregado
E01406,00000285Z,V070,21,facturado
E01407,00000921L,V038,32,facturado
E01408,00000066O,V117,32,embarcado
E01409,00000732E,V102,19,entregado
E01410,00000137H,V101,23,embarcado
E01411,00000803X,V115,21,embarcado
E01412,00000906W,V122,15,embarcado
E01413,00000009J,V080,17,entregado
E01414,00000870M,V014,25,facturado
E01415,00000803X,V002,12,entregado
E01416,00000475H,V001,30,facturado
E01417,00000136G,V183,22,entregado
E01418,00000632I,V100,17,entregado
E01419,00000873P,V159,18,facturado
E01420,00000741N,V056,15,facturado
E01421,00000907X,V085,21,facturado
E01422,00000125V,V143,17,facturado
E01423,00000337Z,V144,27,embarcado
E01424,00000812G,V199,32,facturado
E01425,00000442A,V147,21,facturado
E01426,00000186E,V159,13,embarcado
E01427,00000880W,V048,31,embarcado
E01428,00000626C,V021,24,embarcado
E01429,00000224Q,V017,12,entregado
E01430,00000650A,V065,20,embarcado
E01431,00000860C,V095,28,embarcado
E01432,00000441Z,V133,29,entregado
E01433,00000667R,V019,16,embarcado
E01434,00000356S,V135,25,embarcado
E01435,00000710I,V031,24,embarcado
E01436,00000009J,V058,19,embarcado
E01437,00000685J,V174,14,facturado
E01438,00000285Z,V181,26,entregado
E01439,00000048W,V042,28,embarcado
E01440,00000059H,V170,13,embarcado
E01441,00000654E,V151,13,facturado
E01442,00000724W,V164,27,embarcado
E01443,00000584M,V064,24,embarcado
E01444,00000056E,V037,25,embarcado
E01445,00000516W,V075,22,facturado
E01446,00000580I,V112,14,entregado
E01447,00000714M,V131,17,embarcado
E01448,00000499F,V017,28,entregado
E01449,00000923N,V093,27,entregado
E01450,00000190I,V016,32,facturado
E01451,00000195N,V005,21,facturado
E01452,00000245L,V182,26,entregado
E01453,00000666Q,V106,27,embarcado
E01454,00000170O,V061,10,facturado
E01455,00000967F,V131,27,facturado
E01456,00000672W,V040,27,facturado
E01457,00000818M,V007,14,entregado
E01458,00000273N,V059,21,embarcado
E01459,00000749V,V036,13,embarcado
E01460,00000900Q,V106,21,entregado
E01461,00000891H,V011,27,facturado
E01462,00000875R,V173,24,facturado
E01463,00000749V,V163,20,embarcado
E01464,00000952Q,V077,31,entregado
E01465,00000884A,V100,19,embarcado
E01466,00000495B,V076,31,facturado
E01467,00000600C,V176,30,facturado
E01468,00000732E,V028,23,facturado
E01469,00000214G,V032,30,facturado
E01470,00000252S,V121,12,facturado
E01471,00000992E,V088,16,embarcado
E01472,00000293H,V120,24,entregado
E01473,00000572A,V147,32,entregado
E01474,00000216I,V179,24,embarcado
E01475,00000086I,V188,10,facturado
E01476,00000992E,V078,29,embarcado
E01477,00000210C,V185,19,embarcado
E01478,00000190I,V165,29,entregado
E01479,00000405P,V097,24,facturado
E01480,00000253T,V127,10,embarcado
E01481,00000275P,V122,25,embarcado
E01482,00000773T,V029,28,entregado
E01483,00000710I,V172,13,facturado
E01484,00000706E,V115,22,facturado
E01485,00000432Q,V016,15,entregado
E01486,00000700Y,V099,23,embarcado
E01487,00000539T,V037,12,entregado
E01488,00000730C,V041,11,entregado
E01489,00000795P,V055,26,entregado
E01490,00000920K,V185,24,entregado
E01491,00000947L,V080,19,embarcado
E01492,00000138I,V006,32,embarcado
E01493,00000445D,V172,31,entregado
E01494,00000354Q,V112,32,embarcado
E01495,00000877T,V056,18,facturado
E01496,00000685J,V119,28,embarcado
E01497,00000836E,V070,31,entregado
E01498,00000426K,V073,18,embarcado
E01499,00000068Q,V029,20,embarcado
E01500,00000933X,V175,31,embarcado
E01501,00000532M,V059,26,embarcado
E01502,00000255V,V040,15,embarcado
E01503,00000726Y,V064,23,facturado
E01504,00000691P,V110,22,facturado
E01505,00000140K,V019,12,facturado
E01506,00000480M,V155,22,facturado
E01507,00000300O,V155,22,embarcado
E01508,00000009J,V073,14,facturado
E01509,00000760G,V111,19,entregado
E01510,00000687L,V078,32,embarcado
E01511,00000568W,V016,31,entregado
E01512,00000699X,V039,13,facturado
E01513,00000531L,V125,23,facturado
E01514,00000949N,V015,21,entregado
E01515,00000326O,V079,11,embarcado
E01516,00000822Q,V116,11,embarcado
E01517,00000292G,V144,30,facturado
E01518,00000270K,V192,18,facturado
E01519,00000942G,V074,26,embarcado
E01520,00000569X,V023,32,facturado
E01521,00000132C,V034,22,embarcado
E01522,00000348K,V121,15,embarcado
E01523,00000028C,V194,18,facturado
E01524,00000557L,V164,29,entregado
E01525,00000024Y,V108,27,embarcado
E01526,00000836E,V198,10,entregado
E01527,00000522C,V100,13,facturado
E01528,00000895L,V148,28,facturado
E01529,00000811F,V099,12,embarcado
E01530,00000888E,V055,21,entregado
E01531,00000034I,V105,25,entregado
E01532,00000327P,V049,10,facturado
E01533,00000484Q,V121,18,embarcado
E01534,00000647X,V132,13,embarcado
E01535,00000464W,V142,26,embarcado
E01536,00000803X,V024,11,embarcado
E01537,00000158C,V090,16,facturado
E01538,00000468A,V093,13,entregado
E01539,00000621X,V085,31,facturado
E01540,00000892I,V053,29,embarcado
E01541,00000163H,V042,20,facturado
E01542,00000214G,V192,19,entregado
E01543,00000598A,V017,25,entregado
E01544,00000473F,V129,24,embarcado
E01545,00000373J,V134,30,entregado
E01546,00000487T,V045,31,facturado
E01547,00000001B,V045,19,facturado
E01548,00000668S,V164,14,facturado
E01549,00000880W,V199,14,entregado
E01550,00000250Q,V118,14,facturado
E01551,00000928S,V125,26,entregado
E01552,00000399J,V101,29,entregado
E01553,00000766M,V109,27,entregado
E01554,00000517X,V175,31,embarcado
E01555,00000482O,V072,25,facturado
E01556,00000687L,V170,16,embarcado
E01557,00000037L,V071,29,facturado
E01558,00000451J,V056,14,embarcado
E01559,00000453L,V161,31,facturado
E01560,00000356S,V182,17,entregado
E01561,00000160E,V074,28,entregado
E01562,00000583L,V199,25,embarcado
E01563,00000157B,V154,30,entregado
E01564,00000900Q,V017,31,entregado
E01565,00000403N,V172,12,facturado
E01566,00000001B,V008,31,facturado
E01567,00000837F,V023,14,entregado
E01568,00000258Y,V016,16,embarcado
E01569,00000346I,V175,18,entregado
E01570,00000925P,V091,16,entregado
E01571,00000991D,V041,23,facturado
E01572,00000363Z,V030,23,embarcado
E01573,00000852U,V086,26,facturado
E01574,00000011L,V170,11,facturado
E01575,00000418C,V197,29,entregado
E01576,00000217J,V052,12,entregado
E01577,00000925P,V042,24,entregado
E01578,00000025Z,V084,32,entregado
E01579,00000302Q,V169,19,facturado
E01580,00000464W,V014,11,embarcado
E01581,00000164I,V196,10,entregado
E01582,00000324M,V007,14,embarcado
E01583,00000110G,V060,18,entregado
E01584,00000993F,V147,25,embarcado
E01585,00000197P,V020,14,embarcado
E01586,00000921L,V008,30,facturado
E01587,00000162G,V197,31,facturado
E01588,00000250Q,V152,29,embarcado
E01589,00000945J,V028,10,facturado
E01590,00000582K,V094,30,entregado
E01591,00000175T,V070,13,facturado
E01592,00000308W,V060,22,embarcado
E01593,00000559N,V035,19,facturado
E01594,00000305T,V137,13,embarcado
E01595,00000536Q,V026,16,embarcado
E01596,00000410U,V164,13,facturado
E01597,00000988A,V102,25,entregado
E01598,00000008I,V076,32,embarcado
E01599,00000481N,V095,15,facturado
E01600,00000489V,V141,16,entregado
E01601,00000756C,V137,30,facturado
E01602,00000142M,V111,32,entregado
E01603,00000204W,V184,21,embarcado
E01604,00000234A,V013,17,facturado
E01605,00000992E,V093,12,entregado
E01606,00000044S,V055,23,embarcado
E01607,00000755B,V105,24,embarcado
E01608,00000838G,V118,31,entregado
E01609,00000764K,V158,30,entregado
E01610,00000460S,V096,11,facturado
E01611,00000933X,V175,18,facturado
E01612,00000847P,V133,13,embarcado
E01613,00000859B,V052,20,facturado
E01614,00000855X,V002,30,facturado
E01615,00000204W,V184,22,facturado
E01616,00000311Z,V080,31,embarcado
E01617,00001000M,V060,10,entregado
E01618,00000913D,V064,29,embarcado
E01619,00000313B,V047,31,entregado
E01620,00000118O,V004,21,entregado
E01621,00000962A,V040,32,entregado
E01622,00000769P,V100,25,embarcado
E01623,00000799T,V176,13,facturado
E01624,00000614Q,V090,11,facturado
E01625,00000248O,V044,16,embarcado
E01626,00000144O,V192,22,embarcado
E01627,00000602E,V091,12,facturado
E01628,00000981T,V141,24,entregado
E01629,00000363Z,V074,32,embarcado
E01630,00000762I,V085,21,facturado
E01631,00000955T,V030,22,embarcado
E01632,00000981T,V070,11,entregado
E01633,00000864G,V195,26,embarcado
E01634,00000284Y,V014,25,embarcado
E01635,00000855X,V181,23,entregado
E01636,00000467Z,V149,27,entregado
E01637,00000226S,V044,26,facturado
E01638,00000411V,V066,16,embarcado
E01639,00000207Z,V190,13,entregado
E01640,00000172Q,V108,23,entregado
E01641,00000259Z,V156,14,facturado
E01642,00000265F,V062,32,embarcado
E01643,00000585N,V048,24,embarcado
E01644,00000018S,V038,19,entregado
E01645,00000142M,V037,23,facturado
E01646,00000479L,V130,25,entregado
E01647,00000982U,V186,11,embarcado
E01648,00000109F,V177,19,embarcado
E01649,00000475H,V028,30,entregado
E01650,00000438W,V106,10,embarcado
E01651,00000616S,V016,19,embarcado
E01652,00000334W,V130,10,facturado
E01653,00000557L,V015,16,embarcado
E01654,00000760G,V025,15,embarcado
E01655,00000762I,V106,26,facturado
E01656,00000082E,V135,25,entregado
E01657,00000065N,V110,21,entregado
E01658,00000849R,V039,24,embarcado
E01659,00000627D,V084,31,embarcado
E01660,00000511R,V143,12,entregado
E01661,00000139J,V005,30,facturado
E01662,00000905V,V053,29,entregado
E01663,00000881X,V179,21,embarcado
E01664,00000528I,V038,15,entregado
E01665,00000136G,V109,11,facturado
E01666,00000365B,V164,32,embarcado
E01667,00000702A,V065,21,embarcado
E01668,00000955T,V080,23,embarcado
E01669,00000488U,V113,21,embarcado
E01670,00000907X,V160,32,embarcado
E01671,00000156A,V034,32,embarcado
E01672,00000257X,V164,32,embarcado
E01673,00000438W,V148,25,entregado
E01674,00000050Y,V076,26,embarcado
E01675,00000353P,V127,14,embarcado
E01676,00000149T,V166,32,embarcado
E01677,00000978Q,V039,17,embarcado
E01678,00000799T,V018,31,entregado
E01679,00000577F,V151,21,facturado
E01680,00000812G,V108,30,embarcado
E01681,00000312A,V070,17,entregado
E01682,00000011L,V168,25,embarcado
E01683,00000083F,V068,25,entregado
E01684,00000403N,V118,11,embarcado
E01685,00000260A,V125,26,facturado
E01686,00000330S,V038,16,entregado
E01687,00000391B,V032,13,embarcado
E01688,00000148S,V121,30,entregado
E01689,00000819N,V115,26,facturado
E01690,00000964C,V127,14,facturado
E01691,00000194M,V181,22,embarcado
E01692,00000660K,V190,18,embarcado
E01693,00000297L,V010,23,facturado
E01694,00000220M,V007,28,embarcado
E01695,00000415Z,V075,17,embarcado
E01696,00000847P,V111,21,embarcado
E01697,00000913D,V084,31,entregado
E01698,00000285Z,V031,31,embarcado
E01699,00000035J,V074,16,entregado
E01700,00000602E,V028,29,entregado
E01701,00000265F,V005,18,embarcado
E01702,00000114K,V103,24,embarcado
E01703,00000560O,V072,21,facturado
E01704,00000505L,V015,13,embarcado
E01705,00000910A,V114,20,facturado
E01706,00000913D,V120,30,facturado
E01707,00000140K,V081,14,facturado
E01708,00000497D,V044,19,embarcado
E01709,00000225R,V166,32,entregado
E01710,00000909Z,V054,29,facturado
E01711,00000619V,V117,18,entregado
E01712,00000694S,V119,24,embarcado
E01713,00000374K,V110,23,facturado
E01714,00000997J,V058,21,facturado
E01715,00000333V,V027,31,embarcado
E01716,00000559N,V184,32,embarcado
E01717,00000339B,V037,16,facturado
E01718,00000819N,V069,25,embarcado
E01719,00000480M,V082,24,entregado
E01720,00000083F,V127,29,embarcado
E01721,00000746S,V140,30,facturado
E01722,00000725X,V147,14,embarcado
E01723,00000096S,V191,14,embarcado
E01724,00000099V,V109,27,facturado
E01725,00000970I,V038,10,entregado
E01726,00000696U,V159,13,facturado
E01727,00000084G,V166,20,facturado
E01728,00000694S,V150,27,entregado
E01729,00000384U,V107,31,embarcado
E01730,00000077Z,V106,30,embarcado
E01731,00000308W,V191,23,embarcado
E01732,00000408S,V160,27,entregado
E01733,00000137H,V118,29,embarcado
E01734,00000397H,V028,20,embarcado
E01735,00000642S,V037,18,entregado
E01736,00000045T,V025,15,entregado
E01737,00000675Z,V010,10,embarcado
E01738,00000347J,V011,15,embarcado
E01739,00000450I,V159,10,embarcado
E01740,00000563R,V145,22,facturado
E01741,00000894K,V174,22,facturado
E01742,00000029D,V035,17,entregado
E01743,00000498E,V167,22,embarcado
E01744,00000132C,V074,29,facturado
E01745,00000583L,V145,14,entregado
E01746,00000145P,V195,14,entregado
E01747,00000243J,V186,16,facturado
E01748,00000853V,V055,25,entregado
E01749,00000994G,V118,21,embarcado
E01750,00000649Z,V110,26,facturado
E01751,00000431P,V062,32,embarcado
E01752,00000849R,V069,29,facturado
E01753,00000788I,V135,20,facturado
E01754,00000827V,V132,17,embarcado
E01755,00000264E,V034,26,embarcado
E01756,00000582K,V196,27,embarcado
E01757,00000258Y,V032,12,entregado
E01758,00000359V,V104,24,embarcado
E01759,00000432Q,V174,26,embarcado
E01760,00000512S,V097,27,facturado
E01761,00000863F,V013,25,embarcado
E01762,00000782C,V060,13,facturado
E01763,00000359V,V020,32,facturado
E01764,00000710I,V122,13,facturado
E01765,00000149T,V118,12,facturado
E01766,00000644U,V072,25,entregado
E01767,00000374K,V048,17,facturado
E01768,00000300O,V167,24,entregado
E01769,00000568W,V117,29,embarcado
E01770,00000842K,V063,10,embarcado
E01771,00000482O,V039,16,facturado
E01772,00000186E,V079,12,embarcado
E01773,00000969H,V044,22,entregado
E01774,00000817L,V199,28,embarcado
E01775,00000764K,V197,15,embarcado
E01776,00000912C,V102,31,facturado
E01777,00000920K,V092,29,embarcado
E01778,00000237D,V001,27,entregado
E01779,00000169N,V117,29,facturado
E01780,00000966E,V073,22,facturado
E01781,00000345H,V088,18,facturado
E01782,00000897N,V037,16,embarcado
E01783,00000219L,V161,10,facturado
E01784,00000952Q,V166,11,embarcado
E01785,00000292G,V057,26,entregado
E01786,00000113J,V192,12,entregado
E01787,00000154Y,V052,15,facturado
E01788,00000447F,V041,15,embarcado
E01789,00000975N,V083,11,embarcado
E01790,00000634K,V129,21,entregado
E01791,00000294I,V149,14,entregado
E01792,00000968G,V158,26,facturado
E01793,00000250Q,V030,24,embarcado
E01794,00000236C,V132,20,facturado
E01795,00000687L,V079,14,embarcado
E01796,00000656G,V108,18,facturado
E01797,00000019T,V002,21,entregado
E01798,00000189H,V015,20,facturado
E01799,00000044S,V009,10,embarcado
E01800,00000254U,V008,19,embarcado
E01801,00000738K,V185,29,entregado
E01802,00000512S,V087,28,facturado
E01803,00000205X,V045,21,entregado
E01804,00000767N,V023,21,facturado
E01805,00000369F,V050,24,embarcado
E01806,00000459R,V089,29,entregado
E01807,00000888E,V021,17,facturado
E01808,00000098U,V061,12,entregado
E01809,00000320I,V134,21,facturado
E01810,00000125V,V151,29,embarcado
E01811,00000946K,V064,27,embarcado
E01812,00000793N,V162,19,facturado
E01813,00000924O,V043,32,embarcado
E01814,00000217J,V119,14,facturado
E01815,00000856Y,V021,23,facturado
E01816,00000391B,V040,28,facturado
E01817,00000948M,V078,18,entregado
E01818,00000524E,V186,28,embarcado
E01819,00000880W,V099,13,facturado
E01820,00000912C,V169,21,embarcado
E01821,00000494A,V169,22,facturado
E01822,00000601D,V086,14,entregado
E01823,00000275P,V084,30,facturado
E01824,00000907X,V154,11,entregado
E01825,00000413X,V069,20,facturado
E01826,00000647X,V034,16,embarcado
E01827,00000482O,V162,20,entregado
E01828,00000045T,V015,32,embarcado
E01829,00000138I,V117,25,entregado
E01830,00000773T,V055,18,embarcado
E01831,00000631H,V040,19,facturado
E01832,00000996I,V082,17,embarcado
E01833,00000321J,V051,13,embarcado
E01834,00000217J,V108,14,entregado
E01835,00000840I,V137,12,embarcado
E01836,00000030E,V099,14,embarcado
E01837,00000355R,V159,26,embarcado
E01838,00000617T,V038,31,facturado
E01839,00000783D,V176,26,facturado
E01840,00000773T,V052,25,embarcado
E01841,00000388Y,V198,32,embarcado
E01842,00000259Z,V143,10,entregado
E01843,00000773T,V135,32,entregado
E01844,00000944I,V188,18,facturado
E01845,00000998K,V098,26,embarcado
E01846,00000149T,V044,29,embarcado
E01847,00000102Y,V105,13,entregado
E01848,00000490W,V104,11,embarcado
E01849,00000084G,V145,12,facturado
E01850,00000925P,V087,22,entregado
E01851,00000696U,V169,20,embarcado
E01852,00000731D,V171,18,facturado
E01853,00000420E,V036,17,entregado
E01854,00000942G,V103,29,entregado
E01855,00000048W,V064,16,entregado
E01856,00000152W,V146,20,facturado
E01857,00000961Z,V028,16,embarcado
E01858,00000054C,V132,20,entregado
E01859,00000775V,V184,21,embarcado
E01860,00000676A,V182,23,facturado
E01861,00000359V,V199,22,facturado
E01862,00000231X,V120,14,embarcado
E01863,00000642S,V095,12,embarcado
E01864,00000528I,V108,22,embarcado
E01865,00000076Y,V118,24,entregado
E01866,00000153X,V068,32,entregado
E01867,00000938C,V004,26,embarcado
E01868,00000434S,V061,21,entregado
E01869,00000477J,V085,24,entregado
E01870,00000771R,V003,14,entregado
E01871,00000778Y,V062,32,facturado
E01872,00000231X,V070,21,facturado
E01873,00000866I,V145,15,embarcado
E01874,00000367D,V095,32,facturado
E01875,00000720S,V172,15,embarcado
E01876,00000545Z,V091,21,entregado
E01877,00000835D,V142,28,embarcado
E01878,00000310Y,V131,18,embarcado
E01879,00000085H,V014,13,entregado
E01880,00000276Q,V191,19,facturado
E01881,00000438W,V143,28,facturado
E01882,00000252S,V072,12,embarcado
E01883,00000402M,V175,26,embarcado
E01884,00000300O,V155,25,facturado
E01885,00000423H,V058,32,facturado
E01886,00000494A,V032,26,embarcado
E01887,00000867J,V146,27,facturado
E01888,00000033H,V021,20,facturado
E01889,00000881X,V114,12,facturado
E01890,00000906W,V009,24,facturado
E01891,00000088K,V176,25,facturado
E01892,00000813H,V013,14,embarcado
E01893,00000129Z,V177,25,embarcado
E01894,00000491X,V076,10,entregado
E01895,00000257X,V140,30,facturado
E01896,00000612O,V024,30,entregado
E01897,00000573B,V159,21,facturado
E01898,00000239F,V139,31,entregado
E01899,00000156A,V006,22,facturado
E01900,00000136G,V086,31,embarcado
E01901,00000569X,V019,29,embarcado
E01902,00000316E,V084,16,embarcado
E01903,00000975N,V124,12,embarcado
E01904,00000931V,V195,18,facturado
E01905,00000666Q,V170,30,facturado
E01906,00000310Y,V188,17,entregado
E01907,00000592U,V097,10,embarcado
E01908,00000078A,V168,28,facturado
E01909,00000864G,V063,12,embarcado
E01910,00000881X,V135,24,entregado
E01911,00000873P,V080,26,facturado
E01912,00000148S,V127,25,entregado
E01913,00000377N,V039,27,facturado
E01914,00000212E,V069,27,facturado
E01915,00000509P,V161,31,entregado
E01916,00000464W,V037,14,embarcado
E01917,00000410U,V114,18,entregado
E01918,00000470C,V152,21,entregado
E01919,00000926Q,V102,31,entregado
E01920,00000590S,V022,10,facturado
E01921,00000563R,V058,17,entregado
E01922,00000689N,V089,23,entregado
E01923,00000784E,V025,12,facturado
E01924,00000797R,V060,30,embarcado
E01925,00000246M,V186,16,entregado
E01926,00000168M,V141,12,entregado
E01927,00000166K,V016,19,entregado
E01928,00000257X,V151,32,entregado
E01929,00000342E,V090,23,embarcado
E01930,00000788I,V053,10,entregado
E01931,00000596Y,V128,14,facturado
E01932,00000391B,V001,15,facturado
E01933,00000272M,V094,16,embarcado
E01934,00000675Z,V049,17,embarcado
E01935,00000914E,V170,28,facturado
E01936,00000426K,V147,22,facturado
E01937,00000176U,V150,10,entregado
E01938,00000213F,V026,11,embarcado
E01939,00000151V,V141,22,entregado
E01940,00000369F,V048,28,entregado
E01941,00000173R,V042,26,facturado
E01942,00000512S,V166,12,embarcado
E01943,00000188G,V200,19,embarcado
E01944,00000359V,V114,17,entregado
E01945,00000722U,V012,17,entregado
E01946,00000223P,V069,17,entregado
E01947,00000721T,V111,32,embarcado
E01948,00000734G,V061,21,embarcado
E01949,00000901R,V106,16,embarcado
E01950,00000526G,V174,26,embarcado
E01951,00000048W,V060,17,entregado
E01952,00000159D,V109,13,entregado
E01953,00000076Y,V195,23,embarcado
E01954,00000525F,V098,29,embarcado
E01955,00000097T,V052,11,embarcado
E01956,00000214G,V140,32,facturado
E01957,00000443B,V135,26,entregado
E01958,00000631H,V132,29,embarcado
E01959,00000771R,V096,30,facturado
E01960,00000386W,V163,31,embarcado
E01961,00000521B,V095,20,facturado
E01962,00000899P,V108,31,entregado
E01963,00000253T,V049,12,facturado
E01964,00000088K,V066,31,embarcado
E01965,00000759F,V058,25,entregado
E01966,00000263D,V009,22,embarcado
E01967,00000412W,V119,23,facturado
E01968,00000056E,V074,17,facturado
E01969,00000147R,V087,31,entregado
E01970,00000894K,V191,27,entregado
E01971,00000304S,V157,28,embarcado
E01972,00000436U,V173,19,embarcado
E01973,00000753Z,V081,18,facturado
E01974,00000465X,V101,20,facturado
E01975,00000593V,V200,16,entregado
E01976,00000098U,V169,30,facturado
E01977,00000254U,V091,14,entregado
E01978,00000513T,V115,22,embarcado
E01979,00000013N,V107,20,facturado
E01980,00000327P,V018,16,embarcado
E01981,00000216I,V103,29,entregado
E01982,00000566U,V024,31,entregado
E01983,00000480M,V055,13,facturado
E01984,00000832A,V098,13,embarcado
E01985,00000790K,V133,28,entregado
E01986,00000853V,V195,17,embarcado
E01987,00000791L,V124,27,facturado
E01988,00000166K,V194,10,embarcado
E01989,00000977P,V015,28,embarcado
E01990,00000140K,V194,25,embarcado
E01991,00000207Z,V187,16,entregado
E01992,00000063L,V088,16,embarcado
E01993,00000288C,V191,15,entregado
E01994,00000510Q,V130,26,embarcado
E01995,00000938C,V013,14,facturado
E01996,00000011L,V079,23,entregado
E01997,00000074W,V048,30,facturado
E01998,00000386W,V075,26,facturado
E01999,00000293H,V036,15,embarcado
E02000,00000955T,V131,17,entregado
E02001,00000316E,V115,29,facturado
E02002,00000521B,V050,32,facturado
E02003,00000211D,V156,22,embarcado
E02004,00000994G,V092,31,embarcado
E02005,00000788I,V012,31,embarcado
E02006,00000091N,V041,25,facturado
E02007,00000361X,V080,15,facturado
E02008,00000710I,V124,24,embarcado
E02009,00000354Q,V089,29,entregado
E02010,00000763J,V139,16,entregado
E02011,00000137H,V062,23,entregado
E02012,00000065N,V062,18,embarcado
E02013,00000548C,V119,20,entregado
E02014,00000454M,V005,25,entregado
E02015,00000500G,V034,10,embarcado
E02016,00000397H,V048,19,entregado
E02017,00000706E,V097,16,entregado
E02018,00000689N,V103,32,facturado
E02019,00000250Q,V165,25,embarcado
E02020,00000372I,V114,19,facturado
E02021,00000977P,V015,26,embarcado
E02022,00000162G,V035,11,embarcado
E02023,00000484Q,V062,29,entregado
E02024,00000728A,V011,11,facturado
E02025,00000958W,V123,24,embarcado
E02026,00000788I,V110,17,embarcado
E02027,00000181Z,V027,17,embarcado
E02028,00000312A,V059,10,facturado
E02029,00000211D,V110,31,embarcado
E02030,00000928S,V127,18,embarcado
E02031,00000113J,V162,24,facturado
E02032,00000288C,V081,19,entregado
E02033,00000553H,V087,11,embarcado
E02034,00000202U,V066,24,entregado
E02035,00000741N,V136,17,facturado
E02036,00000321J,V117,13,facturado
E02037,00000437V,V091,18,facturado
E02038,00000144O,V178,32,entregado
E02039,00000517X,V079,21,embarcado
E02040,00000409T,V046,11,embarcado
E02041,00000861D,V084,15,entregado
E02042,00000235B,V123,15,entregado
E02043,00000437V,V140,22,facturado
E02044,00000320I,V195,12,entregado
E02045,00000471D,V042,28,embarcado
E02046,00000503J,V164,14,entregado
E02047,00000065N,V008,27,entregado
E02048,00000547B,V123,28,entregado
E02049,00000552G,V034,17,facturado
E02050,00000921L,V138,19,embarcado
E02051,00000827V,V176,28,embarcado
E02052,00000264E,V146,21,entregado
E02053,00000342E,V133,21,entregado
E02054,00000035J,V047,23,facturado
E02055,00000509P,V162,21,entregado
E02056,00000260A,V186,17,facturado
E02057,00000632I,V067,19,entregado
E02058,00000792M,V009,19,embarcado
E02059,00000946K,V124,32,facturado
E02060,00000868K,V024,31,entregado
E02061,00000544Y,V141,16,facturado
E02062,00000586O,V149,26,embarcado
E02063,00000293H,V017,27,entregado
E02064,00000232Y,V152,30,facturado
E02065,00000149T,V175,23,entregado
E02066,00000628E,V081,30,entregado
E02067,00000205X,V156,24,entregado
E02068,00000943H,V048,10,facturado
E02069,00000052A,V005,12,embarcado
E02070,00000804Y,V093,23,facturado
E02071,00000938C,V042,10,embarcado
E02072,00000033H,V063,11,embarcado
E02073,00000116M,V095,21,entregado
E02074,00000864G,V154,14,embarcado
E02075,00000536Q,V164,13,entregado
E02076,00000326O,V126,30,facturado
E02077,00000479L,V061,22,entregado
E02078,00000082E,V111,29,entregado
E02079,00000386W,V005,21,entregado
E02080,00000301P,V060,22,embarcado
E02081,00000984W,V104,21,facturado
E02082,00000863F,V016,23,entregado
E02083,00000439X,V151,15,entregado
E02084,00000149T,V085,16,facturado
E02085,00000504K,V106,20,facturado
E02086,00000907X,V094,21,embarcado
E02087,00000748U,V021,22,facturado
E02088,00000733F,V166,11,facturado
E02089,00000051Z,V188,19,embarcado
E02090,00000341D,V011,12,facturado
E02091,00000141L,V062,20,facturado
E02092,00000773T,V041,24,facturado
E02093,00000419D,V096,14,embarcado
E02094,00000804Y,V152,15,embarcado
E02095,00000026A,V147,15,entregado
E02096,00000970I,V161,13,facturado
E02097,00000765L,V037,23,entregado
E02098,00000299N,V132,16,facturado
E02099,00000920K,V019,29,entregado
E02100,00000795P,V132,27,entregado
E02101,00000435T,V188,18,entregado
E02102,00000482O,V144,24,embarcado
E02103,00000663N,V149,29,facturado
E02104,00000579H,V088,13,embarcado
E02105,00000235B,V200,11,facturado
E02106,00000119P,V053,15,entregado
E02107,00000771R,V101,22,entregado
E02108,00000132C,V145,17,entregado
E02109,00000658I,V053,25,entregado
E02110,00000602E,V165,14,entregado
E02111,00000990C,V190,30,facturado
E02112,00000393D,V114,21,entregado
E02113,00000022W,V155,25,entregado
E02114,00000500G,V198,11,facturado
E02115,00000625B,V073,15,entregado
E02116,00000624A,V121,12,entregado
E02117,00000880W,V082,12,embarcado
E02118,00000714M,V134,19,entregado
E02119,00000133D,V140,30,facturado
E02120,00000323L,V021,14,entregado
E02121,00000943H,V180,14,facturado
E02122,00000682G,V199,10,entregado
E02123,00000548C,V001,11,facturado
E02124,00000774U,V139,21,embarcado
E02125,00000050Y,V176,26,entregado
E02126,00000689N,V137,12,embarcado
E02127,00000466Y,V146,31,facturado
E02128,00000283X,V092,24,facturado
E02129,00000356S,V017,15,facturado
E02130,00000776W,V147,10,entregado
E02131,00000405P,V050,28,entregado
E02132,00000230W,V040,25,facturado
E02133,00000357T,V135,31,embarcado
E02134,00000611N,V027,29,entregado
E02135,00000697V,V046,26,embarcado
E02136,00000100W,V077,12,entregado
E02137,00000120Q,V147,20,entregado
E02138,00000452K,V148,28,embarcado
E02139,00000451J,V074,26,embarcado
E02140,00000805Z,V137,24,entregado
E02141,00000154Y,V078,28,embarcado
E02142,00000937B,V020,31,embarcado
E02143,00000035J,V146,22,entregado
E02144,00000134E,V126,28,entregado
E02145,00000841J,V198,32,embarcado
E02146,00000683H,V068,13,entregado
E02147,00000297L,V112,17,facturado
E02148,00000400K,V139,28,facturado
E02149,00000412W,V173,14,embarcado
E02150,00000044S,V175,18,facturado
E02151,00000348K,V021,18,embarcado
E02152,00000107D,V034,17,embarcado
E02153,00000332U,V119,23,facturado
E02154,00000523D,V150,24,facturado
E02155,00000445D,V051,22,entregado
E02156,00000585N,V175,18,entregado
E02157,00000633J,V194,14,facturado
E02158,00000879V,V097,11,facturado
E02159,00000985X,V165,11,embarcado
E02160,00000004E,V089,26,embarcado
E02161,00000335X,V048,32,entregado
E02162,00000984W,V054,24,entregado
E02163,00000220M,V170,16,embarcado
E02164,00000340C,V199,32,embarcado
E02165,00000286A,V071,15,embarcado
E02166,00000687L,V023,29,entregado
E02167,00000561P,V019,26,entregado
E02168,00000492Y,V147,28,entregado
E02169,00000982U,V063,13,embarcado
E02170,00000123T,V116,26,entregado
E02171,00000171P,V029,32,entregado
E02172,00000333V,V134,32,embarcado
E02173,00000596Y,V058,26,facturado
E02174,00000804Y,V116,17,facturado
E02175,00000864G,V196,12,embarcado
E02176,00000258Y,V148,26,embarcado
E02177,00000841J,V006,20,entregado
E02178,00000825T,V175,22,facturado
E02179,00000442A,V040,26,entregado
E02180,00000460S,V018,25,embarcado
E02181,00000420E,V190,27,entregado
E02182,00000570Y,V018,32,facturado
E02183,00000930U,V099,13,embarcado
E02184,00000388Y,V009,12,entregado
E02185,00000353P,V020,22,entregado
E02186,00000482O,V123,31,entregado
E02187,00000962A,V165,15,embarcado
E02188,00000044S,V067,22,entregado
E02189,00000402M,V099,24,facturado
E02190,00000731D,V174,17,entregado
E02191,00000134E,V019,25,embarcado
E02192,00000215H,V028,32,entregado
E02193,00000473F,V051,22,entregado
E02194,00000416A,V112,10,embarcado
E02195,00000023X,V199,11,embarcado
E02196,00000759F,V108,14,entregado
E02197,00000181Z,V191,16,entregado
E02198,00000386W,V073,12,entregado
E02199,00000044S,V106,32,facturado
E02200,00000479L,V041,19,facturado
E02201,00000666Q,V077,28,embarcado
E02202,00000033H,V158,26,embarcado
E02203,00000301P,V009,25,facturado
E02204,00000960Y,V042,30,entregado
E02205,00000771R,V153,22,entregado
E02206,00000646W,V127,18,embarcado
E02207,00000801V,V006,23,facturado
E02208,00000303R,V198,11,embarcado
E02209,00000205X,V088,15,facturado
E02210,00000142M,V024,11,facturado
E02211,00000858A,V040,19,embarcado
E02212,00000505L,V152,28,entregado
E02213,00000486S,V006,22,entregado
E02214,00000558M,V098,17,entregado
E02215,00000539T,V037,27,facturado
E02216,00000428M,V142,22,facturado
E02217,00000983V,V143,10,entregado
E02218,00000876S,V147,27,embarcado
E02219,00000420E,V100,27,entregado
E02220,00000682G,V056,14,embarcado
E02221,00000839H,V046,13,entregado
E02222,00000116M,V185,19,facturado
E02223,00000917H,V091,25,embarcado
E02224,00000788I,V135,15,entregado
E02225,00000882Y,V069,30,entregado
E02226,00000246M,V068,12,entregado
E02227,00000878U,V131,20,facturado
E02228,00000672W,V157,27,facturado
E02229,00000270K,V199,15,entregado
E02230,00000843L,V034,11,embarcado
E02231,00000366C,V034,29,facturado
E02232,00000312A,V189,11,embarcado
E02233,00000458Q,V127,11,facturado
E02234,00000977P,V144,22,entregado
E02235,00000697V,V128,30,entregado
E02236,00000321J,V079,18,facturado
E02237,00000367D,V171,26,entregado
E02238,00000747T,V095,12,embarcado
E02239,00000833B,V063,32,embarcado
E02240,00000097T,V091,17,entregado
E02241,00000068Q,V094,31,entregado
E02242,00000679D,V169,31,embarcado
E02243,00000045T,V146,21,entregado
E02244,00000013N,V099,31,facturado
E02245,00000973L,V001,10,entregado
E02246,00000184C,V119,13,facturado
E02247,00000383T,V018,26,facturado
E02248,00000411V,V048,24,entregado
E02249,00000098U,V132,18,entregado
E02250,00000491X,V047,21,entregado
E02251,00000155Z,V031,30,facturado
E02252,00000080C,V164,22,facturado
E02253,00000187F,V058,19,facturado
E02254,00000051Z,V155,16,facturado
E02255,00000610M,V179,16,facturado
E02256,00000832A,V163,24,entregado
E02257,00000197P,V158,22,embarcado
E02258,00000153X,V087,21,entregado
E02259,00000388Y,V028,29,entregado
E02260,00000199R,V087,10,embarcado
E02261,00000458Q,V185,16,facturado
E02262,00000023X,V129,18,embarcado
E02263,00000239F,V022,12,facturado
E02264,00000953R,V154,14,facturado
E02265,00000809D,V062,32,entregado
E02266,00000370G,V134,26,facturado
E02267,00000586O,V132,16,embarcado
E02268,00000033H,V026,15,embarcado
E02269,00000132C,V173,25,entregado
E02270,00000937B,V059,17,facturado
E02271,00000381R,V044,27,entregado
E02272,00000168M,V111,27,facturado
E02273,00000276Q,V089,30,entregado
E02274,00000551F,V052,19,entregado
E02275,00000243J,V027,27,facturado
E02276,00000338A,V079,27,facturado
E02277,00000758E,V033,23,embarcado
E02278,00000559N,V073,29,facturado
E02279,00000797R,V166,27,facturado
E02280,00000030E,V082,25,facturado
E02281,00000210C,V103,13,embarcado
E02282,00000728A,V162,22,embarcado
E02283,00000552G,V142,16,embarcado
E02284,00000110G,V174,30,facturado
E02285,00000781B,V194,30,facturado
E02286,00000651B,V066,29,entregado
E02287,00000898O,V068,10,facturado
E02288,00000832A,V171,31,embarcado
E02289,00000019T,V049,26,embarcado
E02290,00000281V,V164,28,facturado
E02291,00000787H,V123,27,facturado
E02292,00000464W,V011,22,entregado
E02293,00000405P,V103,11,entregado
E02294,00000062K,V075,21,facturado
E02295,00000745R,V051,24,entregado
E02296,00000482O,V121,11,entregado
E02297,00000196O,V031,20,entregado
E02298,00000307V,V110,17,entregado
E02299,00000759F,V041,18,entregado
E02300,00000273N,V176,27,entregado
E02301,00000384U,V028,31,entregado
E02302,00000369F,V109,26,embarcado
E02303,00000463V,V123,17,facturado
E02304,00000182A,V133,29,embarcado
E02305,00000636M,V120,11,facturado
E02306,00000087J,V103,22,embarcado
E02307,00000196O,V168,31,embarcado
E02308,00000588Q,V172,31,embarcado
E02309,00000995H,V153,22,entregado
E02310,00000519Z,V029,28,facturado
E02311,00000244K,V126,22,embarcado
E02312,00000629F,V069,12,facturado
E02313,00000404O,V026,11,facturado
E02314,00000871N,V089,15,facturado
E02315,00000875R,V075,28,facturado
E02316,00000240G,V166,10,embarcado
E02317,00000296K,V041,14,entregado
E02318,00000137H,V156,20,entregado
E02319,00000195N,V032,20,entregado
E02320,00000506M,V052,19,entregado
E02321,00000717P,V011,32,entregado
E02322,00000196O,V046,20,entregado
E02323,00000519Z,V049,16,entregado
E02324,00000913D,V109,13,embarcado
E02325,00000597Z,V146,32,embarcado
E02326,00000183B,V001,30,entregado
E02327,00000734G,V129,19,embarcado
E02328,00000553H,V099,22,facturado
E02329,00000325N,V087,14,embarcado
E02330,00000903T,V069,29,embarcado
E02331,00000164I,V119,16,embarcado
E02332,00000481N,V024,24,entregado
E02333,00000125V,V143,15,embarcado
E02334,00000966E,V080,23,embarcado
E02335,00000761H,V077,16,embarcado
E02336,00000666Q,V180,14,entregado
E02337,00000876S,V153,16,entregado
E02338,00000895L,V165,13,embarcado
E02339,00000222O,V068,27,entregado
E02340,00000931V,V171,30,facturado
E02341,00000136G,V171,28,entregado
E02342,00000070S,V087,11,entregado
E02343,00000777X,V115,18,entregado
E02344,00000722U,V015,31,facturado
E02345,00000619V,V063,11,entregado
E02346,00000363Z,V024,15,entregado
E02347,00000185D,V050,16,entregado
E02348,00000625B,V012,26,entregado
E02349,00000874Q,V157,32,entregado
E02350,00000530K,V003,31,embarcado
E02351,00000506M,V200,30,facturado
E02352,00000555J,V062,26,facturado
E02353,00000678C,V028,20,embarcado
E02354,00000181Z,V009,26,entregado
E02355,00000396G,V079,21,facturado
E02356,00000939D,V118,20,embarcado
E02357,00000449H,V128,25,embarcado
E02358,00000742O,V168,15,embarcado
E02359,00000063L,V174,32,entregado
E02360,00000337Z,V067,28,facturado
E02361,00000032G,V099,14,embarcado
E02362,00000202U,V100,27,entregado
E02363,00000745R,V120,15,facturado
E02364,00000527H,V016,29,facturado
E02365,00000422G,V117,28,entregado
E02366,00000914E,V185,10,facturado
E02367,00000048W,V146,29,embarcado
E02368,00000076Y,V181,26,embarcado
E02369,00000006G,V037,17,entregado
E02370,00000872O,V103,20,facturado
E02371,00000105B,V168,22,embarcado
E02372,00000034I,V154,12,facturado
E02373,00000359V,V091,32,facturado
E02374,00000662M,V110,28,embarcado
E02375,00000446E,V076,30,entregado
E02376,00000165J,V192,15,entregado
E02377,00000581J,V035,31,entregado
E02378,00000013N,V146,10,embarcado
E02379,00000221N,V057,24,facturado
E02380,00000008I,V112,15,entregado
E02381,00000295J,V133,24,entregado
E02382,00000858A,V171,15,entregado
E02383,00000587P,V101,16,entregado
E02384,00000908Y,V075,20,facturado
E02385,00000971J,V166,13,entregado
E02386,00000122S,V124,11,entregado
E02387,00000394E,V092,27,facturado
E02388,00000109F,V119,18,facturado
E02389,00000593V,V084,24,facturado
E02390,00000842K,V080,24,facturado
E02391,00000130A,V074,27,facturado
E02392,00000807B,V152,13,entregado
E02393,00000084G,V110,23,entregado
E02394,00000968G,V022,23,embarcado
E02395,00000574C,V151,15,entregado
E02396,00000590S,V127,25,entregado
E02397,00000665P,V181,29,entregado
E02398,00000941F,V196,23,embarcado
E02399,00000770Q,V119,24,facturado
E02400,00000214G,V151,27,facturado
E02401,00000136G,V016,18,entregado
E02402,00000015P,V196,24,embarcado
E02403,00000987Z,V171,15,facturado
E02404,00000297L,V140,19,facturado
E02405,00000088K,V048,26,facturado
E02406,00000676A,V043,15,embarcado
E02407,00000173R,V055,23,embarcado
E02408,00000348K,V199,31,facturado
E02409,00000862E,V143,17,embarcado
E02410,00000337Z,V191,10,entregado
E02411,00000744Q,V060,15,entregado
E02412,00000300O,V015,13,facturado
E02413,00000640Q,V174,10,embarcado
E02414,00000605H,V002,26,facturado
E02415,00000179X,V176,29,facturado
E02416,00000822Q,V138,24,entregado
E02417,00000753Z,V109,30,facturado
E02418,00000985X,V094,22,facturado
E02419,00000776W,V173,28,embarcado
E02420,00000855X,V184,27,entregado
E02421,00000287B,V032,26,entregado
E02422,00000296K,V007,19,entregado
E02423,00000539T,V196,11,embarcado
E02424,00000057F,V024,21,embarcado
E02425,00000118O,V172,26,embarcado
E02426,00000282W,V182,11,facturado
E02427,00000566U,V070,20,embarcado
E02428,00000252S,V197,18,embarcado
E02429,00000271L,V195,12,facturado
E02430,00000419D,V098,25,facturado
E02431,00000848Q,V158,23,embarcado
E02432,00000445D,V057,24,entregado
E02433,00000648Y,V021,26,embarcado
E02434,00000390A,V049,16,entregado
E02435,00000137H,V010,30,facturado
E02436,00000468A,V090,21,entregado
E02437,00000815J,V025,18,facturado
E02438,00000328Q,V080,10,entregado
E02439,00000262C,V112,24,embarcado
E02440,00000668S,V088,32,entregado
E02441,00000086I,V181,10,embarcado
E02442,00000956U,V109,32,facturado
E02443,00000237D,V153,21,entregado
E02444,00000395F,V196,10,facturado
E02445,00000559N,V182,15,facturado
E02446,00000685J,V031,16,facturado
E02447,00000198Q,V187,30,facturado
E02448,00000044S,V106,20,facturado
E02449,00000740M,V173,10,embarcado
E02450,00000649Z,V153,16,facturado
E02451,00000969H,V159,11,entregado
E02452,00000780A,V026,11,facturado
E02453,00000362Y,V017,22,entregado
E02454,00000612O,V056,31,embarcado
E02455,00000998K,V101,19,facturado
E02456,00000609L,V075,19,embarcado
E02457,00000597Z,V093,17,facturado
E02458,00000123T,V189,22,facturado
E02459,00000369F,V073,21,entregado
E02460,00000540U,V152,21,facturado
E02461,00000537R,V015,12,embarcado
E02462,00000907X,V087,26,embarcado
E02463,00000554I,V062,19,entregado
E02464,00000882Y,V074,22,entregado
E02465,00000559N,V083,15,facturado
E02466,00000550E,V026,31,entregado
E02467,00000156A,V169,17,entregado
E02468,00000310Y,V112,23,embarcado
E02469,00000516W,V161,29,entregado
E02470,00000657H,V094,19,embarcado
E02471,00000459R,V015,24,entregado
E02472,00000421F,V001,28,facturado
E02473,00000306U,V158,26,facturado
E02474,00000659J,V019,13,facturado
E02475,00000372I,V115,21,entregado
E02476,00000977P,V075,14,embarcado
E02477,00000837F,V198,31,facturado
E02478,00000746S,V034,31,embarcado
E02479,00000884A,V085,27,facturado
E02480,00000361X,V010,11,facturado
E02481,00000189H,V128,24,entregado
E02482,00000521B,V024,22,facturado
E02483,00000588Q,V188,14,facturado
E02484,00000312A,V003,30,entregado
E02485,00000470C,V063,29,entregado
E02486,00000237D,V056,32,facturado
E02487,00000568W,V149,22,facturado
E02488,00000596Y,V178,14,facturado
E02489,00000363Z,V173,11,embarcado
E02490,00000031F,V189,31,entregado
E02491,00000509P,V116,12,facturado
E02492,00000705D,V181,24,facturado
E02493,00000392C,V166,18,facturado
E02494,00000039N,V135,11,facturado
E02495,00000228U,V158,19,entregado
E02496,00000122S,V195,28,embarcado
E02497,00000190I,V010,28,facturado
E02498,00000490W,V039,18,facturado
E02499,00000569X,V022,31,embarcado
E02500,00000136G,V060,17,embarcado
